date,description,title,source_name,url,source,pdid,incidntnum,incident_code,category,descript,dayofweek,time,pddistrict,resolution,address,x,y,location,type
2024-12-07 02:52:29+00:00,"There are two ways to do things: Alvin Bragg’s way and the right way.And when I say, “Alvin Bragg,” I don’t just mean him, I mean all the Soros-backed soft-on-crime, criminal-coddling prosecutors who have turned many of our major cities into virtual battle zo…",This Is the Way: Lawmaker Wants to Award Daniel Penny With Congress' Highest Civilian Honor,Freerepublic.com,https://freerepublic.com/focus/f-bloggers/4283014/posts,news,,,,,,,,,,,,,,
2024-12-07 02:44:56+00:00,"The New York Police Department is crowd-sourcing their investigation into the murder of UnitedHealthcare CEO Brian Thompson to the general public after two days with no positive ID on the shooter. But they may not get much help from the internet, according to…",'Claim denied': Internet sleuths deny NYPD request to hunt down insurance CEO' killer,Raw Story,https://www.rawstory.com/brian-thompson-2670351192/,news,,,,,,,,,,,,,,
2024-12-07 02:37:54+00:00,"Ralph Cilento, a retired lieutenant commander at the NYPD and adjunct professor of police science at John Jay College of Criminal Justice, spoke to Fox News Digital Friday.",Deep dive into UnitedHealthcare CEO's personal life will play key role in investigation: retired NYPD officer,Fox News,https://www.foxnews.com/us/deep-dive-unitedhealthcare-ceos-personal-life-play-key-role-investigation-retired-nypd-officer,news,,,,,,,,,,,,,,
2024-12-07 02:37:41+00:00,The mentally ill gunman who shot and wounded two kindergartners at a small California school Wednesday wrote that he was deploying a “countermeasure involving child executions” in response to “America’s involvement with genocide and oppression of Palestinians…,Mentally ill Calif. school shooter fired at kids as ‘countermeasure’ for US involvement in ‘genocide of Palestinians’: note,Freerepublic.com,https://freerepublic.com/focus/f-news/4283012/posts,news,,,,,,,,,,,,,,
2024-12-07 02:30:08+00:00,,Sioux Falls Police Chief: No injuries from shooting inside Empire Mall; suspect at large,Yahoo Entertainment,https://consent.yahoo.com/v2/collectConsent?sessionId=1_cc-session_50a8055e-de61-4bee-9560-0bbd6cfbabca,news,,,,,,,,,,,,,,
2024-12-07 02:26:34+00:00,"Investigators are exploring the possibility that a pistol used by veterinaries to put down sick or wounded animals was also the assassin’s weapon used to gun down UnitedHealthcare’s CEO early Wednesday.Aside from being “practically silent,” the B&T VP9 also c…",Veterinary pistol with ‘weird cultural’ significance may have killed insurance CEO: expert,Raw Story,https://www.rawstory.com/brian-thompson-2670350543/,news,,,,,,,,,,,,,,
2024-12-07 02:21:20+00:00,"The Supreme Court on Friday flagged ""disturbing features"" in the arrest of former IAS officer Anil Tuteja by the Enforcement Directorate in a money laundering case related to the alleged Chhattisgarh liquor scam.","In Chhattisgarh Liquor Scam Arrest, Top Court Flags 'Disturbing Features'",NDTV News,https://www.ndtv.com/india-news/in-chhattisgarh-liquor-scam-arrest-top-court-flags-disturbing-features-7191399,news,,,,,,,,,,,,,,
2024-12-07 02:18:13+00:00,Hong Kong is sending district councilors and other local officials to mainland China to learn how the ruling Chinese Communist Party uses local networks of volunteers to monitor the population and target potential unrest before it happens.,Hong Kong officials learn neighborhood surveillance from China,Globalsecurity.org,https://www.globalsecurity.org/wmd/library/news/china/2024/12/china-241205-rfa01.htm,news,,,,,,,,,,,,,,
2024-12-07 02:17:40+00:00,"The International Criminal Police Organization — or Interpol — announced Thursday that an operation involving law enforcement from nine South American countries has resulted in the arrest of 45 people and the seizure of more than 3,000 homemade bombs and tons…","Interpol operation seizes 3,400 bombs in South America",Globalsecurity.org,https://www.globalsecurity.org/security/library/news/2024/12/sec-241205-voa01.htm,news,,,,,,,,,,,,,,
2024-12-07 02:15:17+00:00,"Opting out of an emotional ending that'll wreck viewers, some romance K-dramas choose to end their stories on a much lighter note.",10 Romantic K-Dramas With Happy Endings,Screen Rant,https://screenrant.com/10-romantic-k-dramas-with-happy-endings/,news,,,,,,,,,,,,,,
2024-12-07 02:15:01+00:00,"When you're a Russian retiree living on a limited income, it's bad enough trying to contend with skyrocketing prices for staples like eggs, potatoes, or butter. Now add to the list of worries: a swooning ruble hitting lows not seen in years.",The Ruble Swoons And Russia's Economy Wobbles Further,Globalsecurity.org,https://www.globalsecurity.org/wmd/library/news/russia/2024/12/russia-241206-rferl01.htm,news,,,,,,,,,,,,,,
2024-12-07 02:15:01+00:00,"Pakistan's jailed former prime minister, Imran Khan. has threatened to start a nationwide civil disobedience movement this month following a government crackdown on his supporters that resulted in the deaths of several.",Former Pakistan PM Khan threatens civil disobedience movement from prison,Globalsecurity.org,https://www.globalsecurity.org/wmd/library/news/pakistan/2024/pakistan-241206-voa01.htm,news,,,,,,,,,,,,,,
2024-12-07 02:09:45+00:00,Police are seeking information about a 15-year-old boy who went missing in Detroit.,Detroit police want help finding missing 15-year-old boy,WDIV ClickOnDetroit,https://www.clickondetroit.com/news/local/2024/12/07/detroit-police-want-help-finding-missing-15-year-old-boy/,news,,,,,,,,,,,,,,
2024-12-07 02:06:29+00:00,A 22-year-old Kansas City man accused of illegally purchasing a gun found after the February mass shooting at the Kansas City Chiefs Super Bowl parade has been sentenced to probation,Man accused of buying gun later found at Kansas City Chiefs Super Bowl rally shooting sentenced,ABC News,https://abcnews.go.com/US/wireStory/man-accused-buying-gun-found-kansas-city-chiefs-116546566,news,,,,,,,,,,,,,,
2024-12-07 02:04:53+00:00,"A good Samaritan rescued two baby girls who were abandoned in a ditch near his Indiana home after the car they were in was stolen.
The post Good Samaritan Rescues Two Baby Girls Left in a Ditch After Car Was Stolen in Indiana appeared first on Breitbart.",Good Samaritan Rescues Two Baby Girls Left in a Ditch After Car Was Stolen in Indiana,Breitbart News,https://www.breitbart.com/crime/2024/12/06/good-samaritan-rescues-two-baby-girls-ditch-car-stolen-indiana/,news,,,,,,,,,,,,,,
2024-12-07 02:02:30+00:00,Chief of Detectives Joe Kenny revealed investigators' thinking on the still-unidentified gunman's motive during a huddle with reporters.,Assassin in UnitedHealthcare CEO Brian Thompson’s killing could be ‘disgruntled’ client or employee: NYPD,New York Post,https://nypost.com/2024/12/06/us-news/assassin-in-unitedhealthcare-ceo-brian-thompsons-killing-could-be-disgruntled-client-or-employee-nypd/,news,,,,,,,,,,,,,,
2024-12-07 02:00:34+00:00,The suspect who fatally shot UnitedHealthcare CEO Brian Thompson in Manhattan may have used a special weapon more common on farms ... at least according to cops. NYPD Chief of Detectives Joseph Kenny told reporters Friday police investigators are…,"UnitedHealthcare CEO Murder Suspect May Have Used Veterinary Gun, Police Say",TMZ,https://www.tmz.com/2024/12/06/unitedhealthcare-ceo-murder-suspect-veterinary-gun/,news,,,,,,,,,,,,,,
2024-12-07 02:00:00+00:00,"SPOILER ALERT: This post contains spoilers from the “Outlander” Season 7, Part 2 episode, “A Hundredweight of Stones,” now streaming on Starz, and the Diana Gabaldon’s book, “A Echo in the Bone.” David Berry recalls that penciled into the margin of the script…","‘Outlander’ Stars Break Down the ‘Worst Wedding Ever,’ That Surprising Hook-Up and the Resurrection of [SPOILER]",Variety,https://variety.com/2024/tv/news/outlander-claire-lord-john-get-married-have-sex-jamie-is-alive-1236235493/,news,,,,,,,,,,,,,,
2024-12-07 01:58:35+00:00,Long-standing frustrations at the US health system were revealed online after an insurance executive was shot and killed in New York City.,Killing of insurance CEO reveals simmering anger at US health system,BBC News,https://www.bbc.com/news/articles/cm2eeeep0npo,news,,,,,,,,,,,,,,
2024-12-07 01:53:23+00:00,"The shocking killing of UnitedHealthcare CEO Brian Thompson outside a hotel in New York City triggered an avalanche of ""rage and glee"" on the internet as people frustrated with their health insurers dance on his grave — and it says something dark about the st…",'Rage and glee' after health insurance CEO's killing a stark warning for US: columnist,Raw Story,https://www.rawstory.com/ceo/,news,,,,,,,,,,,,,,
2024-12-07 01:33:12+00:00,"In 2022, there were 154,458 people in Israel without a licensed firearm, but by 2024, this number has more than doubled.",Looking at Itamar Ben-Gvir's gun reform one year later and the tensions it has created,The Jerusalem Post,https://www.jpost.com/israel-news/politics-and-diplomacy/article-832321,news,,,,,,,,,,,,,,
2024-12-07 01:28:00+00:00,"KUALA LUMPUR: Police are on the lookout for a man known as Castelo, believed to be the mastermind behind a cable theft syndicate operating in the Sentul and Kepong areas over the past five months. Read full story","Police hunt mastermind behind cable theft syndicate in Sentul, Kepong",The Star Online,https://www.thestar.com.my/news/nation/2024/12/07/police-hunt-mastermind-behind-cable-theft-syndicate-in-sentul-kepong,news,,,,,,,,,,,,,,
2024-12-07 01:21:36+00:00,"Lakewood police are searching for a missing 15-year-old girl who was last seen Tuesday, according to the Colorado Bureau of Investigation.","Missing Lakewood girl, 15, last seen Tuesday",The Denver Post,https://www.denverpost.com/2024/12/06/lakewood-girl-denver-metro-children-missing-person/,news,,,,,,,,,,,,,,
2024-12-07 01:13:18+00:00,"Two Indianapolis police officers charged in the death of a man who was stunned and restrained on the ground during a mental health crisis were acquitted Friday of manslaughter, officials said.",2 Indianapolis police officers acquitted in death of man who was restrained,NBC News,https://www.nbcnews.com/news/us-news/2-indianapolis-police-officers-acquitted-death-man-was-restrained-rcna183271,news,,,,,,,,,,,,,,
2024-12-07 01:11:54+00:00,[Removed],[Removed],[Removed],https://removed.com,news,,,,,,,,,,,,,,
2024-12-07 01:07:56+00:00,[Removed],[Removed],[Removed],https://removed.com,news,,,,,,,,,,,,,,
2024-12-07 01:06:54+00:00,"The Idaho Department of Correction said it is searching for Kevin Nicholas Kuintzle, 33, a resident of the St. Anthony Work Camp in Fremont County.",Search underway for murder suspect who walked away from prison work camp: Authorities,ABC News,https://abcnews.go.com/US/idaho-murder-suspect-escapes-work-camp/story?id=116543840,news,,,,,,,,,,,,,,
2024-12-07 01:06:10+00:00,This is a wild story.,"Star Trek Fan Has Been Mistakenly Flagged For Thousands Of Dollars In Traffic Tickets, And Other Trekkies Are To Blame",CinemaBlend,https://www.cinemablend.com/television/star-trek-fan-mistakenly-flagged-thousands-of-dollars-traffic-tickets-other-trekkies-blame,news,,,,,,,,,,,,,,
2024-12-07 01:05:29+00:00,Presenters of The Salisbury Poisoning podcast share what it was like reporting on the inquiry.,'History made at Dawn Sturgess' rollercoaster inquiry',BBC News,https://www.bbc.com/news/articles/cx2ye9gze51o,news,,,,,,,,,,,,,,
2024-12-07 01:00:49+00:00,"One of the killers of trans teenager Brianna Ghey, Eddie Ratcliffe, has had an appeal against the length of his 20-year sentence shot down in the UK.  Content warning: This ...
The post Brianna Ghey Killer Loses Bid To Appeal 20-Year Sentence appeared first o…",Brianna Ghey Killer Loses Bid To Appeal 20-Year Sentence,Starobserver.com.au,https://www.starobserver.com.au/news/brianna-ghey-killer-loses-appeal-bid/234246,news,,,,,,,,,,,,,,
2024-12-07 01:00:42+00:00,No police officers will be charged in the shooting death of an Upper St. Clair man who suffered from severe mental illness.,"Police justified in shooting Pittsburgh-area man 18 times while he suffered mental health crisis, DA says",CBS News,https://www.cbsnews.com/pittsburgh/news/upper-st-clair-police-shooting-justified-district-attorney/,news,,,,,,,,,,,,,,
2024-12-07 00:58:01+00:00,"Authorities believe they have recovered the backpack belonging to the assassin who gunned down UnitedHealthcare CEO Brian Thompson in New York City, CNN reported Friday evening. The assassin, wearing a dark hoodie and “distinct” gray backpack when he killed T…",Police Believe They Found Backpack Of Man Who Assassinated Health Insurance CEO,The Daily Wire,https://www.dailywire.com/news/police-believe-they-found-backpack-of-man-who-assassinated-health-insurance-ceo,news,,,,,,,,,,,,,,
2024-12-07 00:54:34+00:00,"As part of an investigation into the ‘Ndrangheta mafia in the city of Brescia, Italian police have arrested 25 people including a nun known for her prison work.",Italian nun among 25 arrested in raid against 'Ndrangheta mafia,Fox News,https://www.foxnews.com/world/italian-nun-25-arrested-raid-ndrangheta-mafia,news,,,,,,,,,,,,,,
2024-12-07 00:42:43+00:00,"This weekend's best movies and TV picks include 'Beetlejuice Beetlejuice,' 'White Lies,' and 'Creature Comandos'","What to Watch This Weekend: The Sticky, Black Doves, White Lies, and more",Android Police,https://www.androidpolice.com/7-best-movies-tv-shows-stream-this-weekend-december-6/,news,,,,,,,,,,,,,,
2024-12-07 00:38:02+00:00,[Removed],[Removed],[Removed],https://removed.com,news,,,,,,,,,,,,,,
2024-12-07 00:31:00+00:00,"The manhunt is widening for the gunman in the killing of United HealthCare CEO Brian Thompson. More than 48 hours after that brazen shooting in the heart of Midtown Manhattan, police now believe the man they are looking for has left New York City, sources say…",UnitedHealthcare CEO killing investigation widens to outside New York City,CBS News,https://www.cbsnews.com/video/unitedhealthcare-ceo-killing-investigation-widens-to-outside-new-york-city/,news,,,,,,,,,,,,,,
2024-12-07 00:30:29+00:00,The man on trial in the killing of University of Mississippi student Jimmie “Jay” Lee gave conflicting information to police about how well he and Lee knew each other,"Man on trial in the killing of an Ole Miss student gave conflicting information, police say",ABC News,https://abcnews.go.com/US/wireStory/man-trial-killing-ole-miss-student-gave-conflicting-116545295,news,,,,,,,,,,,,,,
2024-12-07 00:27:08+00:00,"Never short of a soundbite, the MP has gone from country kid to Bjelke-Petersen-era Queensland, to federal parliament.",Maverick 'Father of the House' Bob Katter reaches 50 years in politics,ABC News (AU),https://www.abc.net.au/news/2024-12-07/bob-katter-50-years-in-parliament/104676714,news,,,,,,,,,,,,,,
2024-12-07 00:23:26+00:00,"A rural Kentucky judge gunned down by a sheriff in his own chambers allegedly ran the courthouse like a “brothel” and brought women to his office in an ongoing sex-for-favors scheme, a witness told cops.",Judge gunned down by sheriff ran courthouse ‘like a brothel’ in sextortion scheme: witness,New York Post,https://nypost.com/2024/12/06/us-news/judge-gunned-down-by-sheriff-ran-courthouse-like-a-brothel-in-sextortion-scheme-witness/,news,,,,,,,,,,,,,,
2024-12-07 00:22:36+00:00,Grant Shaw is accused of killing 20-year-old Emmanuel Millard after a police chase in October 2023.,Former Woodstock officer pleads guilty in shooting death of unarmed man,WSB Atlanta,https://www.wsbtv.com/news/local/cobb-county/former-woodstock-officer-pleads-guilty-shooting-death-unarmed-man/DSM727P6QZHTTCNHAMFTWP5G6Q/,news,,,,,,,,,,,,,,
2024-12-07 00:11:42+00:00,[Removed],[Removed],[Removed],https://removed.com,news,,,,,,,,,,,,,,
2024-12-07 00:11:07+00:00,"A high-profile violent crime typically sets social media abuzz with tips and theories from amateur internet sleuths, hunting for the alleged perpetrator.",Why top internet sleuths say they won't help find the UnitedHealthcare CEO killer,NBC News,https://www.nbcnews.com/tech/internet/internet-sleuths-say-wont-help-find-unitedhealthcare-ceo-suspect-rcna183228,news,,,,,,,,,,,,,,
2024-12-07 00:08:25+00:00,"Romania ‘s election systems suffered over 85,000 attacks, with leaked credentials posted on a Russian hacker forum before the presidential election. Romania ‘s Intelligence Service revealed that over 85,000 cyberattacks targeted the country’s election systems…","Romania ’s election systems hit by 85,000 attacks ahead of presidential vote",Securityaffairs.com,https://securityaffairs.com/171758/cyber-warfare-2/romanias-election-systems-hit-by-85000-attacks.html,news,,,,,,,,,,,,,,
2024-12-07 00:02:15+00:00,[Removed],[Removed],[Removed],https://removed.com,news,,,,,,,,,,,,,,
2024-12-07 00:00:49+00:00,"Democrat Mayor Eric Adams did not rule out switching parties in a recent interview after giving his support for Trump’s agenda on the border.  Formerly a Republican, Adams switched to Democrat in 2002.
The post NYC Mayor Eric Adams Doesn’t Rule Out Joining GO…",NYC Mayor Eric Adams Doesn’t Rule Out Joining GOP After Democrats Turn on Him (VIDEO),Thegatewaypundit.com,https://www.thegatewaypundit.com/2024/12/nyc-mayor-eric-adams-doesnt-rule-joining-gop/,news,,,,,,,,,,,,,,
2024-12-07 00:00:18+00:00,Politicians on both sides of the aisle are unhappy with the Constitutional Court’s decision to rerun the election.,Romania Annuls Presidential Election Over Russian Interference Allegations,Foreign Policy,https://foreignpolicy.com/2024/12/06/romania-presidential-election-annulled-russia-interference-georgescu/,news,,,,,,,,,,,,,,
2024-12-06 23:53:58+00:00,"Suspected killers of Alaba Abe, the campaign director of Governor Lucky Aiyedatiwa of Ondo State, have been arrested by the police. Abe, who was the director of campaign for Aiyedatiwa’s reelection in Akoko-South Local Government Area of the state, was kidnap…",Suspected killers of Aiyedatiwa’s campaign director arrested,The Punch,https://punchng.com/suspected-killers-of-aiyedatiwas-campaign-director-arrested/,news,,,,,,,,,,,,,,
2024-12-06 23:53:03+00:00,"Hercy Miller, son of the rapper Master P, has been accused of a crime at Southern Utah University.",Hit '90s Rapper's Son Arrested for Allegedly Stealing Refrigerators,Newsweek,https://www.newsweek.com/entertainment/celebrity-news/hit-90s-rappers-son-arrested-allegedly-stealing-refrigerators-1997052,news,,,,,,,,,,,,,,
2024-12-06 23:52:58+00:00,Health insurer shares fall after UnitedHealth exec murderReuters Brian Thompson shooting latest updates: Police believe suspect in UnitedHealthcare CEO's killing has left New York CityYahoo! Voices Cameras track New York suspect before & after CEO killingCNN …,Health insurer shares fall after UnitedHealth exec murder - Reuters,Slashdot.org,https://slashdot.org/firehose.pl?op=view&amp;id=175607203,news,,,,,,,,,,,,,,
2024-12-06 23:48:22+00:00,"The killing of a top health care executive has set the business world on edge as police search for answers
A crime scene unit officer photographs the scene where UnitedHealthcare CEO Brian Thompson, 50, was shot and killed.
Getty Images—AFP/Bryan R. Smith",The killing of a top health care executive has set the business world on edge as police search for answers,Biztoc.com,https://biztoc.com/x/4a900af286e265ac,news,,,,,,,,,,,,,,
2024-12-06 23:47:33+00:00,"Police in New York City have reportedly found a major piece of evidence left behind by the gunman who shot and killed the CEO of a massive health insurer, and one expert called the clue ""crucial.""Brian Thompson, 50, the CEO of UnitedHealthcare, was shot dead …",'Treasure trove': Experts say 'crucial' new evidence found in health insurer CEO's slaying,Raw Story,https://www.rawstory.com/treasure-trove-experts-say/,news,,,,,,,,,,,,,,
2024-12-06 23:36:24+00:00,Posts celebrating the fatal shooting of UnitedHealthcare's CEO on Wednesday have alarmed many observers.,The Cold Online Response To An Insurance Executive’s Killing,HuffPost,https://www.huffpost.com/entry/brian-thompson-murder-celebrated-online_n_67536ffce4b0b9c809f83ba8,news,,,,,,,,,,,,,,
2024-12-06 23:34:03+00:00,"An apartment building that was the scene of a viral video that led former President Donald Trump to claim a Denver suburb had been taken over by a Venezuelan gang will likely close early next year, according to the city attorney in Aurora",Apartment building where viral video fueled Trump's claims about city likely will close next year,ABC News,https://abcnews.go.com/US/wireStory/apartment-building-viral-video-fueled-trumps-claims-city-116544185,news,,,,,,,,,,,,,,
2024-12-06 23:30:00+00:00,"The former Fox News host, Army National Guard major and combat veteran spent much of the week trying to salvage his Cabinet nomination.","Trump offers a public show of support for Pete Hegseth, his embattled nominee to lead the Pentagon",Richmond.com,https://richmond.com/news/nation-world/government-politics/politics-transition-defense-nominee-nomination-military/article_23647d6e-2bc3-504d-8620-246c2a2a9097.html,news,,,,,,,,,,,,,,
2024-12-06 23:30:00+00:00,"The former Fox News host, Army National Guard major and combat veteran spent much of the week trying to salvage his Cabinet nomination.","Trump offers a public show of support for Pete Hegseth, his embattled nominee to lead the Pentagon",Roanoke Times,https://roanoke.com/news/nation-world/government-politics/politics-transition-defense-nominee-nomination-military/article_e9e4248f-d8f0-5e1e-afb9-5fd805a2abe0.html,news,,,,,,,,,,,,,,
2024-12-06 23:27:48+00:00,Prosecutors in the Karen Read trial will have access to evidence from print and television interviews following the judge's ruling.,Karen Read trial update: Judge gives prosecutors new evidence,Newsweek,https://www.newsweek.com/karen-read-trial-evidence-notes-john-okeefe-boston-1997036,news,,,,,,,,,,,,,,
2024-12-06 23:20:03+00:00,"Police say the motive for Brian Thompson's killing is unknown. But it has highlighted threats to those who run America's health insurers, and sparked a conversation about widespread anger at the industry.",How a CEO's slaying in New York sparked ghoulish online glee,ABC News (AU),https://www.abc.net.au/news/2024-12-07/new-york-insurance-ceo-brian-thompson-killing/104697310,news,,,,,,,,,,,,,,
2024-12-06 23:18:02+00:00,"An apartment building that was the scene of a viral video that led former President Donald Trump to claim a Denver suburb had been taken over by a Venezuelan gang will likely close early next year, according to the city attorney in Aurora",Apartment building where viral video fueled Trump's claims about city likely will close next year,ABC News,https://abcnews.go.com/Politics/wireStory/apartment-building-viral-video-fueled-trumps-claims-city-116544186,news,,,,,,,,,,,,,,
2024-12-06 23:17:00+00:00,"The manhunt for the gunman that killed the CEO of UnitedHealthcare in New York City is in its third day, and police now believe a person of interest in the case is no longer in New York City, sources said. CBS News crime and public safety senior coordinating …","Person of interest in killing of UnitedHealthcare CEO has left New York City, police believe",CBS News,https://www.cbsnews.com/video/person-interest-killing-unitedhealthcare-ceo-left-new-york-city-police/,news,,,,,,,,,,,,,,
2024-12-06 23:08:00+00:00,"A backpack found in the hunt for the gunman who killed a health insurance boss belonged to the suspect, police have said.",Backpack carried by gunman who killed health insurance boss found in Central Park,Sky.com,https://news.sky.com/story/backpack-carried-by-gunman-who-killed-health-insurance-boss-found-in-central-park-13268427,news,,,,,,,,,,,,,,
2024-12-06 23:05:55+00:00,[Removed],[Removed],[Removed],https://removed.com,news,,,,,,,,,,,,,,
2024-12-06 23:02:37+00:00,El Paso police are searching for a driver involved in a hit-and-run crash that resulted in the death of a 64-year-old woman.,El Paso police searching for suspect in fatal Lower Valley hit-and-run crash,El Paso Times,https://www.elpasotimes.com/story/news/crime/2024/12/06/el-paso-police-searching-for-suspect-in-fatal-hit-and-run-crash/76830197007/,news,,,,,,,,,,,,,,
2024-12-06 23:00:00+00:00,"Eight artworks confiscated from mafia by Italian police, including a Dalí lithograph went on display at Milan's Palazzo Reale this week.",Artworks Confiscated From the Mafia Are Being Exhibited in Milan,Robb Report,http://robbreport.com/shelter/art-collectibles/artworks-confiscated-from-mafia-exhibited-milan-1236112891/,news,,,,,,,,,,,,,,
2024-12-06 22:59:40+00:00,"Authorities in Colombia on Thursday refuted claims made by the United Nations Committee on Enforced Disappearances (CED), which stated that 20,000 unidentified bodies allegedly remain stored at a hangar in Bogotá's El Dorado International Airport.
The post U.…","U.N. Claims Colombia Was Hiding 20,000 Unidentified Bodies in Airport Hangar",Breitbart News,https://www.breitbart.com/latin-america/2024/12/06/u-n-claims-colombia-was-hiding-20000-unidentified-bodies-in-airport-hangar/,news,,,,,,,,,,,,,,
2024-12-06 22:56:29+00:00,"After UnitedHealthcare CEO Brian Thompson was fatally shot, healthcare companies are amping up their security measures as experts open up to PEOPLE about the alarming public response.",Health Insurers Rush to Protect Leaders as Expert Slams Reactions to CEO's Death,PEOPLE,https://people.com/health-insurers-rush-to-protect-leaders-as-expert-slams-reactions-to-ceo-s-death-8757736,news,,,,,,,,,,,,,,
2024-12-06 22:54:07+00:00,"In 4K, kinda. Continue reading…",Video Leaks of Diddy Seen for the First Time in Court,XXLMAG.COM,https://www.xxlmag.com/diddy-court-video-leaks/,news,,,,,,,,,,,,,,
2024-12-06 22:53:37+00:00,"UnitedHealthcare CEO shooting latest: Suspect left New York City by bus, police sayABC News Brian Thompson shooting latest updates: Police believe suspect in UnitedHealthcare CEO's killing has left New York CityYahoo! Voices Corporate America's fears billow a…","UnitedHealthcare CEO shooting latest: Suspect left New York City by bus, police say - ABC News",Slashdot.org,https://slashdot.org/firehose.pl?op=view&amp;id=175607007,news,,,,,,,,,,,,,,
2024-12-06 22:49:35+00:00,The manslaughter charge against Daniel Penny has been dismissed after jurors told the judge twice Friday that they were unable to reach a unanimous vote.,Manslaughter charge against Daniel Penny dismissed,CBS News,https://www.cbsnews.com/news/daniel-penny-trial-deliberations-fourth-day/?ftag=YHF4eb9d17,news,,,,,,,,,,,,,,
2024-12-06 22:42:19+00:00,"NEW YORK >> New York City police believe the man who fatally shot a UnitedHealth top executive has left the city, Police Commissioner Jessica Tisch said today, as the hunt for the gunman passed the crucial 48-hour mark. Brian Thomson, 50, the CEO of UnitedHea…",Police believe gunman who killed insurance CEO has left NYC | Honolulu Star-Advertiser,Honolulu Star-Advertiser,https://www.staradvertiser.com/2024/12/06/breaking-news/police-believe-gunman-who-killed-insurance-ceo-has-left-nyc/,news,,,,,,,,,,,,,,
2024-12-06 22:38:26+00:00,"Police-reported statistics show while theft is up, crime is not getting more severe in British Columbia's busiest cities. Still, some retail workers report facing more harassment and disrespect.",Retail workers report feeling unsafe following recent downtown Vancouver attacks,CBC News,https://www.cbc.ca/news/canada/british-columbia/retail-workers-downtown-vancouver-1.7403746,news,,,,,,,,,,,,,,
2024-12-06 22:32:55+00:00,"Investigators believe the gunman used a rare, integrally suppressed pistol, possibly a Brügger & Thomet Station Six.",What We Know About Gun Used in UnitedHealth CEO Assassination,Newsweek,https://www.newsweek.com/what-we-know-about-gun-used-unitedhealth-ceo-assassination-1997033,news,,,,,,,,,,,,,,
2024-12-06 22:32:00+00:00,"Police Commissioner Jessica Tisch briefs reporters on the search for a suspect in the killing of an insurance executive.
 

Officials said the suspect may have entered the bus terminal shortly after the shooting. [ more › ]",NYPD brass say suspect in CEO assassination 'may' have fled the city 2 days ago,Gothamist,https://gothamist.com/news/nypd-brass-say-suspect-in-ceo-assassination-may-have-fled-the-city-two-days-ago,news,,,,,,,,,,,,,,
2024-12-06 22:30:31+00:00,New Orleans police have arrested a man accused of killing two people during a large parade where two separate shootings within an hour left two dead and at least 10 wounded,New Orleans police arrest man accused of killing paradegoers during multiple mass shootings,ABC News,https://abcnews.go.com/US/wireStory/new-orleans-police-arrest-man-accused-killing-paradegoers-116542009,news,,,,,,,,,,,,,,
2024-12-06 22:30:00+00:00,"With Thompson's murderer still at large, security firms have reported a spike in inquiries from companies seeking to safeguard their top executives.",UnitedHealthcare CEO Hit Sparks Flood of Calls from Panicked Execs to Private Security Firms as DNA Swap Could Reveal Identity,Radaronline.com,https://radaronline.com/p/united-healthcare-ceo-brian-thompson-death-sparks-calls-executives-private-security-firms/,news,,,,,,,,,,,,,,
2024-12-06 22:30:00+00:00,<p>Pressure is likely to intensify in the new year for Thailand to repeal its abusive criminal defamation laws as flaws in the multiple cases against advocate-journalist Chutima Sidasathian. Many others have exposed the laws' deficiencies.</p>,Thai defamation law fails good people,Bangkok Post,https://www.bangkokpost.com/opinion/opinion/2915605/thai-defamation-law-fails-good-people,news,,,,,,,,,,,,,,
2024-12-06 22:26:43+00:00,"Online sleuths offered their unsolicited opinions, while countless ""experts"" provided unique insight. Some suggested the murder was carried out by a professional hit man",More Misinformation Than Fact Online Into Murder OF Insurance CEO,Forbes,https://www.forbes.com/sites/petersuciu/2024/12/06/more-misinformation-than-fact-online-into-murder-of-insurance-ceo/,news,,,,,,,,,,,,,,
2024-12-06 22:24:00+00:00,"The gunman who killed the CEO of the largest U.S. health insurer three days ago may have quickly left New York City on a bus after escaping on a bicycle and hopping in a cab, police officials said Friday.",Police believe the gunman who killed UnitedHealthcare’s CEO left NYC on a bus after the shooting,WFTV Orlando,https://www.wftv.com/news/local/police-believe-gunman-who-killed-unitedhealthcares-ceo-left-nyc-bus-after-shooting/7W6IC5EH6BFGNAIVFUKF2PQ5PA/,news,,,,,,,,,,,,,,
2024-12-06 22:16:07+00:00,"The Hillsborough County Sheriff's Office released shocking video from police body cameras showing an incident in which HCSO deputies burst through a glass window covered in Christmas decorations to rescue a woman being held at knifepoint, eventually shooting …",Shocking Video Shows Florida Cops Burst Through Window and Shoot and Kill Woman’s Knife-Wielding Attacker,Mediaite,https://www.mediaite.com/crime/shocking-video-shows-florida-cops-burst-through-window-and-shoot-and-kill-womans-knife-wielding-attacker/,news,,,,,,,,,,,,,,
2024-12-06 22:15:33+00:00,An Indian American family who was attacked with a racist rant on a United Airlines shuttle bus plans to press charges against the woman who called them “not American.”,Indian American family attacked on bus says they'll move forward with pressing charges,NBC News,https://www.nbcnews.com/news/asian-america/indian-american-family-racist-rant-united-airlines-bus-rcna183218,news,,,,,,,,,,,,,,
2024-12-06 22:15:00+00:00,The Yellowstone County Attorney's Office is reviewing its criminal caseload after the potential misconduct of three Billings Police Officers has come light.,Billings police misconduct investigation leads to felony cases being dropped; hundreds of cases under review,Billings Gazette,https://billingsgazette.com/news/local/crime-courts/billings-police-misconduct-felony-cases-dropped/article_04b796ca-b406-11ef-bf40-37d732470825.html,news,,,,,,,,,,,,,,
2024-12-06 22:14:40+00:00,"The gunman who killed the chief executive of the largest US health insurer may have fled the city on a bus, New York City police officials told CNN on Friday.","Gunman who killed healthcare boss has fled New York, says police chief",Independent.ie,https://www.independent.ie/world-news/gunman-who-killed-healthcare-boss-has-fled-new-york-says-police-chief/a1240687979.html,news,,,,,,,,,,,,,,
2024-12-06 22:14:15+00:00,"A new Justice Department investigation has revealed that officers in the Memphis Police Department use excessive force, discriminate against Black people and people with behavioral health disabilities, and engage in unlawful searches and arrests.  The harrowi…",How Trump’s DOJ could severely curtail oversight of police,Vox,https://www.vox.com/politics/390158/memphis-police-justice-department-trump,news,,,,,,,,,,,,,,
2024-12-06 22:13:40+00:00,Police are investigating after a rock was thrown at a GO bus in Markham on Saturday — the latest of several incidents of rocks being thrown at moving vehicles in the area since September.,"GO bus hit in latest 'senseless, dangerous' rock throwing incident in Markham",CBC News,https://www.cbc.ca/news/canada/toronto/gta-go-bus-rock-throwing-incident-1.7404029,news,,,,,,,,,,,,,,
2024-12-06 22:09:51+00:00,Health insurance companies like Blue Cross Blue Shield have removed executive bios from their websites since the shooting of UnitedHealthcare CEO Brian Thompson.,Some health insurers are removing executive bios from their websites after the fatal shooting of UnitedHealthcare's CEO,Business Insider,https://www.businessinsider.com/brian-thompson-unitedhealthcare-shooting-health-insurance-companies-remove-ceo-bios-2024-12,news,,,,,,,,,,,,,,
2024-12-06 22:09:31+00:00,[Removed],[Removed],[Removed],https://removed.com,news,,,,,,,,,,,,,,
2024-12-06 22:04:10+00:00,"Social media has overflowed with mockery and disdain after the death of Brian Thompson, exposing a deep-seated ire at the health-insurance industry.",UnitedHealthcare CEO’s Killing Exposes Widespread Fury at a Broken System,Vanity Fair,https://www.vanityfair.com/news/story/unitedhealthcare-ceos-killing-exposes-widespread-fury-at-a-broken-system,news,,,,,,,,,,,,,,
2024-12-06 22:01:30+00:00,Police are looking for a person of interest in connection with the deadly shooting of the CEO of UnitedHealthcare.,Person of interest in UnitedHealthcare CEO shooting believed to have left NYC,CBS News,https://www.cbsnews.com/news/unitedhealthcare-ceo-shooting-person-of-interest-new-york-city/,news,,,,,,,,,,,,,,
2024-12-06 22:00:00+00:00,"When you’re a Russian retiree living on a limited income, it’s bad enough trying to contend with skyrocketing prices for staples like eggs, potatoes, or butter. Now add to the list of worries: a swooning ruble hitting lows not seen in years. “I see these pric…",Ruble's Plunge Signals Trouble for Russian Economy,OilPrice.com,https://oilprice.com/Finance/the-Economy/Rubles-Plunge-Signals-Trouble-for-Russian-Economy.html,news,,,,,,,,,,,,,,
2024-12-06 21:57:01+00:00,"A web page listing the corporate leadership team behind Anthem Blue Cross Blue Shield (BCBS), one of America's biggest health insurers, has disappeared from the company's website. The disappearance of the page listing the provider's 25 highest-ranking employe…",Blue Cross Blue Shield's Corporate 'About Us' Page Vanishes From Website,Freerepublic.com,https://freerepublic.com/focus/f-chat/4282980/posts,news,,,,,,,,,,,,,,
2024-12-06 21:55:57+00:00,"San Diego County will vote next week on a resolution to block county cooperation with federal immigration authorities, going even further than California's sanctuary law.",Blue state county tees up vote on 'knee-jerk' resolution to protect illegal immigrants from deportations,Fox News,https://www.foxnews.com/politics/blue-state-county-tees-up-vote-knee-jerk-resolution-protect-illegal-immigrants,news,,,,,,,,,,,,,,
2024-12-06 21:54:16+00:00,"The General Assembly today adopted several resolutions on a variety of topics, including one stressing the need to return cultural property to countries of origin, with Member States emphasizing the importance of adhering to regulations safeguarding such arte…","Gravely Concerned by Rise in Theft, Trafficking of Cultural Artefacts, General Assembly Adopts Resolution Calling for Creation of Suitable Legal Protection Frameworks",UN News,https://press.un.org/en/2024/ga12664.doc.htm,news,,,,,,,,,,,,,,
2024-12-06 21:54:05+00:00,At the heart of every international crisis is a well-connected failson trying to cover up his mess.,Black Doves Recap: Genuinely a Huge Fan,Vulture,http://www.vulture.com/article/black-doves-recap-episode-5-the-cost-of-it-all.html,news,,,,,,,,,,,,,,
2024-12-06 21:52:55+00:00,"Who is ""Daxis""? ""Cold Case: Who Killed JonBenét Ramsey"" recounts how John Mark Karr used a pseudonym to confess he was with her when she died.",John Mark Karr claimed he was with JonBenét Ramsey when she died. Here's where he is today.,Business Insider,https://www.businessinsider.com/where-is-john-mark-karr-daxis-now-jonbenet-ramsey,news,,,,,,,,,,,,,,
2024-12-06 21:50:56+00:00,"Japan's National Police Agency is considering introducing undercover investigations from next year into &quot;dark part-time work&quot; such as thefts and fraud performed by people often recruited online, sources close to the matter said Friday. Known as yami…",Police considering undercover work to fight 'dark job' crime wave,Japan Today,https://japantoday.com/category/crime/ldp-panel-wants-dark-part-time-work-tackled-by-undercover-police,news,,,,,,,,,,,,,,
2024-12-06 21:47:09+00:00,"For a third day, police searched for the suspect in what they are calling a “brazen, targeted,” and “premeditated” attack on UnitedHealthcare CEO Brian Thompson, who was gunned down early Wednesday morning outside his midtown Manhattan hotel.
While there is n…","CVS, Anthem, other big corporations remove executive photos from their websites after UnitedHealthcare CEO shooting",Biztoc.com,https://biztoc.com/x/472a7133763a9559,news,,,,,,,,,,,,,,
2024-12-06 21:45:00+00:00,"UnitedHealthcare CEO Brian Thompson's killer left a chilling message on the bullets left at the crime scene, as he remains on the loose.",EXCLUSIVE: Author Behind Book That 'Inspired' Hit on UnitedHealthcare CEO Refuses to Speak as Police Send DNA Evidence to Lab Amid Manhunt for Grinning Gunman,Radaronline.com,https://radaronline.com/p/author-book-unitedhealthcare-ceo-refuses-to-speak-dna-evidence-manhunt-gunman/,news,,,,,,,,,,,,,,
2024-12-06 21:41:33+00:00,"Jokes, snark, and a striking absence of sympathy have dominated public sentiment since the murder of a US health insurance executive - exposing deep frustration and anger with the na","Murder, memes and snark: A killing lays bare US health care frustrations",CNA,https://www.channelnewsasia.com/world/healtchare-ceo-murder-internet-dark-humour-memes-4792601,news,,,,,,,,,,,,,,
2024-12-06 21:41:08+00:00,Massachusetts woman killed in shooting: 'Shocking act of violence... heartbreaking',Massachusetts woman killed in shooting: ‘Shocking act of violence… heartbreaking’,Boston Herald,https://www.bostonherald.com/2024/12/06/massachusetts-woman-killed-in-shooting-shocking-act-of-violence-heartbreaking/,news,,,,,,,,,,,,,,
2024-12-06 21:40:50+00:00,Three men have been charged — two with second-degree murder and the other with manslaughter — after the November death of a man who had been attacked at the Brandon Correctional Centre more than a month earlier.,3 men charged in death of inmate attacked at Brandon Correctional Centre,CBC News,https://www.cbc.ca/news/canada/manitoba/inmate-death-brandon-correctional-centre-1.7403922,news,,,,,,,,,,,,,,
2024-12-06 21:40:02+00:00,"Cutting-edge technologies, including state-of-the-art camera networks and facial recognition software powered by artificial intelligence, are being used by police in the hunt for the brazen killer who shot United Healthcare boss Brian Thompson dead in broad d…","How NYPD is using AI, drones, DNA and cutting-edge tech in the manhunt for Brian Thompson’s assassin",New York Post,https://nypost.com/2024/12/06/us-news/the-next-frontier-for-catching-a-killer-prevalent-surveillance-ai-drones/,news,,,,,,,,,,,,,,
2024-01-01 03:13:00+00:00,"BATTERY: PROTECTED EMPLOYEE - HANDS, FISTS, FEET, NO / MINOR INJURY",,,,police_chicago,,,,,,,,,,,,,003XX W 64TH ST,BATTERY
2024-01-01 02:54:00+00:00,ASSAULT: SIMPLE,,,,police_chicago,,,,,,,,,,,,,069XX N ASHLAND BLVD,ASSAULT
2024-01-01 02:50:00+00:00,BATTERY: DOMESTIC BATTERY SIMPLE,,,,police_chicago,,,,,,,,,,,,,027XX W THOMAS ST,BATTERY
2024-01-01 02:42:00+00:00,WEAPONS VIOLATION: RECKLESS FIREARM DISCHARGE,,,,police_chicago,,,,,,,,,,,,,036XX N CLARK ST,WEAPONS VIOLATION
2024-01-01 02:40:00+00:00,WEAPONS VIOLATION: RECKLESS FIREARM DISCHARGE,,,,police_chicago,,,,,,,,,,,,,048XX S HARDING AVE,WEAPONS VIOLATION
2024-01-01 02:27:00+00:00,CRIMINAL DAMAGE: TO PROPERTY,,,,police_chicago,,,,,,,,,,,,,026XX S CENTRAL PARK AVE,CRIMINAL DAMAGE
2024-01-01 02:15:00+00:00,BATTERY: SIMPLE,,,,police_chicago,,,,,,,,,,,,,016XX N WELLS ST,BATTERY
2024-01-01 02:11:00+00:00,WEAPONS VIOLATION: RECKLESS FIREARM DISCHARGE,,,,police_chicago,,,,,,,,,,,,,121XX S LOOMIS ST,WEAPONS VIOLATION
2024-01-01 02:10:00+00:00,OTHER OFFENSE: ANIMAL ABUSE / NEGLECT,,,,police_chicago,,,,,,,,,,,,,043XX W ROOSEVELT RD,OTHER OFFENSE
2024-01-01 02:02:00+00:00,"BATTERY: AGGRAVATED P.O. - HANDS, FISTS, FEET, NO / MINOR INJURY",,,,police_chicago,,,,,,,,,,,,,019XX W MONTEREY AVE,BATTERY
2024-01-01 01:58:00+00:00,NARCOTICS: POSSESS - CANNABIS MORE THAN 30 GRAMS,,,,police_chicago,,,,,,,,,,,,,056XX N RIDGE AVE,NARCOTICS
2024-01-01 01:58:00+00:00,BATTERY: AGGRAVATED DOMESTIC BATTERY - KNIFE / CUTTING INSTRUMENT,,,,police_chicago,,,,,,,,,,,,,013XX N LOCKWOOD AVE,BATTERY
2024-01-01 01:55:00+00:00,OTHER OFFENSE: HARASSMENT BY ELECTRONIC MEANS,,,,police_chicago,,,,,,,,,,,,,018XX S KARLOV AVE,OTHER OFFENSE
2024-01-01 01:55:00+00:00,"BATTERY: AGG. DOMESTIC BATTERY - HANDS, FISTS, FEET, SERIOUS INJURY",,,,police_chicago,,,,,,,,,,,,,082XX W IRVING PARK RD,BATTERY
2024-01-01 01:50:00+00:00,BATTERY: DOMESTIC BATTERY SIMPLE,,,,police_chicago,,,,,,,,,,,,,001XX N LEAMINGTON AVE,BATTERY
2024-01-01 01:46:00+00:00,WEAPONS VIOLATION: RECKLESS FIREARM DISCHARGE,,,,police_chicago,,,,,,,,,,,,,044XX S LAWLER AVE,WEAPONS VIOLATION
2024-01-01 01:45:00+00:00,CRIMINAL DAMAGE: TO VEHICLE,,,,police_chicago,,,,,,,,,,,,,020XX N LATROBE AVE,CRIMINAL DAMAGE
2024-01-01 01:43:00+00:00,BATTERY: DOMESTIC BATTERY SIMPLE,,,,police_chicago,,,,,,,,,,,,,017XX W JACKSON BLVD,BATTERY
2024-01-01 01:38:00+00:00,CRIMINAL DAMAGE: TO VEHICLE,,,,police_chicago,,,,,,,,,,,,,066XX S BLACKSTONE AVE,CRIMINAL DAMAGE
2024-01-01 01:30:00+00:00,ASSAULT: AGGRAVATED - HANDGUN,,,,police_chicago,,,,,,,,,,,,,049XX W BLOOMINGDALE AVE,ASSAULT
2024-01-01 01:30:00+00:00,BATTERY: SIMPLE,,,,police_chicago,,,,,,,,,,,,,006XX N WELLS ST,BATTERY
2024-01-01 01:30:00+00:00,BATTERY: DOMESTIC BATTERY SIMPLE,,,,police_chicago,,,,,,,,,,,,,019XX W ARGYLE ST,BATTERY
2024-01-01 01:30:00+00:00,BATTERY: SIMPLE,,,,police_chicago,,,,,,,,,,,,,044XX W WEST END AVE,BATTERY
2024-01-01 01:30:00+00:00,OTHER OFFENSE: VIOLATE ORDER OF PROTECTION,,,,police_chicago,,,,,,,,,,,,,0000X W TERMINAL ST,OTHER OFFENSE
2024-01-01 01:20:00+00:00,WEAPONS VIOLATION: UNLAWFUL POSSESSION - HANDGUN,,,,police_chicago,,,,,,,,,,,,,0000X S KENTON AVE,WEAPONS VIOLATION
2024-01-01 01:17:00+00:00,BATTERY: SIMPLE,,,,police_chicago,,,,,,,,,,,,,031XX W OGDEN AVE,BATTERY
2024-01-01 01:10:00+00:00,BATTERY: SIMPLE,,,,police_chicago,,,,,,,,,,,,,048XX W WASHINGTON BLVD,BATTERY
2024-01-01 01:08:00+00:00,BATTERY: DOMESTIC BATTERY SIMPLE,,,,police_chicago,,,,,,,,,,,,,005XX N CENTRAL PARK AVE,BATTERY
2024-01-01 01:01:00+00:00,BATTERY: SIMPLE,,,,police_chicago,,,,,,,,,,,,,010XX W ADDISON ST,BATTERY
2024-01-01 01:01:00+00:00,WEAPONS VIOLATION: UNLAWFUL POSSESSION - HANDGUN,,,,police_chicago,,,,,,,,,,,,,075XX S WOOD ST,WEAPONS VIOLATION
2024-01-01 01:01:00+00:00,OTHER OFFENSE: FALSE / STOLEN / ALTERED TRP,,,,police_chicago,,,,,,,,,,,,,063XX S TROY ST,OTHER OFFENSE
2024-01-01 01:00:00+00:00,CRIMINAL DAMAGE: TO VEHICLE,,,,police_chicago,,,,,,,,,,,,,074XX N RIDGE BLVD,CRIMINAL DAMAGE
2024-01-01 01:00:00+00:00,BATTERY: DOMESTIC BATTERY SIMPLE,,,,police_chicago,,,,,,,,,,,,,022XX S WHIPPLE ST,BATTERY
2024-01-01 01:00:00+00:00,BATTERY: DOMESTIC BATTERY SIMPLE,,,,police_chicago,,,,,,,,,,,,,047XX W GLADYS AVE,BATTERY
2024-01-01 01:00:00+00:00,BATTERY: AGGRAVATED DOMESTIC BATTERY - OTHER DANGEROUS WEAPON,,,,police_chicago,,,,,,,,,,,,,047XX W JACKSON BLVD,BATTERY
2024-01-01 00:59:00+00:00,OTHER OFFENSE: LICENSE VIOLATION,,,,police_chicago,,,,,,,,,,,,,034XX W MONTROSE AVE,OTHER OFFENSE
2024-01-01 00:56:00+00:00,BATTERY: SIMPLE,,,,police_chicago,,,,,,,,,,,,,003XX N DEARBORN ST,BATTERY
2024-01-01 00:55:00+00:00,CRIMINAL DAMAGE: TO PROPERTY,,,,police_chicago,,,,,,,,,,,,,013XX S HARDING AVE,CRIMINAL DAMAGE
2024-01-01 00:54:00+00:00,ASSAULT: SIMPLE,,,,police_chicago,,,,,,,,,,,,,008XX W ADDISON ST,ASSAULT
2024-01-01 00:53:00+00:00,WEAPONS VIOLATION: UNLAWFUL POSSESSION - HANDGUN,,,,police_chicago,,,,,,,,,,,,,070XX S CARPENTER ST,WEAPONS VIOLATION
2024-01-01 00:50:00+00:00,BATTERY: DOMESTIC BATTERY SIMPLE,,,,police_chicago,,,,,,,,,,,,,128XX S EGGLESTON AVE,BATTERY
2024-01-01 00:44:00+00:00,BATTERY: AGGRAVATED DOMESTIC BATTERY - OTHER DANGEROUS WEAPON,,,,police_chicago,,,,,,,,,,,,,017XX W 61ST ST,BATTERY
2024-01-01 00:41:00+00:00,OTHER OFFENSE: ANIMAL ABUSE / NEGLECT,,,,police_chicago,,,,,,,,,,,,,049XX W LAWRENCE AVE,OTHER OFFENSE
2024-01-01 00:38:00+00:00,WEAPONS VIOLATION: UNLAWFUL POSSESSION - HANDGUN,,,,police_chicago,,,,,,,,,,,,,022XX N MEADE AVE,WEAPONS VIOLATION
2024-01-01 00:32:00+00:00,BATTERY: DOMESTIC BATTERY SIMPLE,,,,police_chicago,,,,,,,,,,,,,003XX E NORTH WATER ST,BATTERY
2024-01-01 00:30:00+00:00,BATTERY: DOMESTIC BATTERY SIMPLE,,,,police_chicago,,,,,,,,,,,,,030XX W FOSTER AVE,BATTERY
2024-01-01 00:30:00+00:00,BATTERY: DOMESTIC BATTERY SIMPLE,,,,police_chicago,,,,,,,,,,,,,016XX W BEACH AVE,BATTERY
2024-01-01 00:25:00+00:00,BATTERY: SIMPLE,,,,police_chicago,,,,,,,,,,,,,012XX N CLYBOURN AVE,BATTERY
2024-01-01 00:25:00+00:00,BATTERY: SIMPLE,,,,police_chicago,,,,,,,,,,,,,022XX N CALIFORNIA AVE,BATTERY
2024-01-01 00:20:00+00:00,WEAPONS VIOLATION: RECKLESS FIREARM DISCHARGE,,,,police_chicago,,,,,,,,,,,,,058XX W BERENICE AVE,WEAPONS VIOLATION
2024-01-01 00:20:00+00:00,CRIMINAL DAMAGE: TO PROPERTY,,,,police_chicago,,,,,,,,,,,,,048XX S EVANS AVE,CRIMINAL DAMAGE
2024-01-01 00:20:00+00:00,WEAPONS VIOLATION: UNLAWFUL USE - OTHER FIREARM,,,,police_chicago,,,,,,,,,,,,,008XX W 49TH PL,WEAPONS VIOLATION
2024-01-01 00:16:00+00:00,CRIMINAL DAMAGE: TO PROPERTY,,,,police_chicago,,,,,,,,,,,,,016XX E 85TH PL,CRIMINAL DAMAGE
2024-01-01 00:15:00+00:00,CRIMINAL DAMAGE: TO CITY OF CHICAGO PROPERTY,,,,police_chicago,,,,,,,,,,,,,049XX S WESTERN BLVD,CRIMINAL DAMAGE
2024-01-01 00:15:00+00:00,ASSAULT: AGGRAVATED - HANDGUN,,,,police_chicago,,,,,,,,,,,,,050XX W WELLINGTON AVE,ASSAULT
2024-01-01 00:15:00+00:00,CRIMINAL DAMAGE: TO VEHICLE,,,,police_chicago,,,,,,,,,,,,,108XX S AVENUE L,CRIMINAL DAMAGE
2024-01-01 00:05:00+00:00,CRIMINAL DAMAGE: TO PROPERTY,,,,police_chicago,,,,,,,,,,,,,027XX S SPRINGFIELD AVE,CRIMINAL DAMAGE
2024-01-01 00:05:00+00:00,CRIMINAL DAMAGE: TO PROPERTY,,,,police_chicago,,,,,,,,,,,,,032XX S BELL AVE,CRIMINAL DAMAGE
2024-01-01 00:04:00+00:00,BATTERY: AGGRAVATED DOMESTIC BATTERY - KNIFE / CUTTING INSTRUMENT,,,,police_chicago,,,,,,,,,,,,,034XX W WALNUT ST,BATTERY
2024-01-01 00:02:00+00:00,CRIMINAL DAMAGE: TO PROPERTY,,,,police_chicago,,,,,,,,,,,,,018XX S KOMENSKY AVE,CRIMINAL DAMAGE
2024-01-01 00:00:00+00:00,CRIMINAL DAMAGE: TO PROPERTY,,,,police_chicago,,,,,,,,,,,,,066XX S MARQUETTE RD,CRIMINAL DAMAGE
2024-01-01 00:00:00+00:00,CRIMINAL DAMAGE: TO PROPERTY,,,,police_chicago,,,,,,,,,,,,,036XX W LAWRENCE AVE,CRIMINAL DAMAGE
2024-01-01 00:00:00+00:00,THEFT: FROM BUILDING,,,,police_chicago,,,,,,,,,,,,,034XX W FRANKLIN BLVD,THEFT
2024-01-01 00:00:00+00:00,THEFT: OVER $500,,,,police_chicago,,,,,,,,,,,,,049XX S THROOP ST,THEFT
2024-01-01 00:00:00+00:00,WEAPONS VIOLATION: RECKLESS FIREARM DISCHARGE,,,,police_chicago,,,,,,,,,,,,,082XX S ELIZABETH ST,WEAPONS VIOLATION
2024-01-01 00:00:00+00:00,CRIMINAL DAMAGE: TO VEHICLE,,,,police_chicago,,,,,,,,,,,,,070XX S OAKLEY AVE,CRIMINAL DAMAGE
2024-01-01 00:00:00+00:00,CRIMINAL DAMAGE: TO PROPERTY,,,,police_chicago,,,,,,,,,,,,,030XX N ALBANY AVE,CRIMINAL DAMAGE
2024-01-01 00:00:00+00:00,CRIMINAL DAMAGE: TO VEHICLE,,,,police_chicago,,,,,,,,,,,,,021XX N LECLAIRE AVE,CRIMINAL DAMAGE
2024-01-01 00:00:00+00:00,CRIMINAL DAMAGE: TO PROPERTY,,,,police_chicago,,,,,,,,,,,,,107XX S EMERALD AVE,CRIMINAL DAMAGE
2024-01-01 00:00:00+00:00,CRIMINAL DAMAGE: TO VEHICLE,,,,police_chicago,,,,,,,,,,,,,091XX S LAFLIN ST,CRIMINAL DAMAGE
2024-01-01 00:00:00+00:00,THEFT: ATTEMPT THEFT,,,,police_chicago,,,,,,,,,,,,,038XX N DRAKE AVE,THEFT
2024-01-01 00:00:00+00:00,THEFT: OVER $500,,,,police_chicago,,,,,,,,,,,,,015XX W GARFIELD BLVD,THEFT
2024-01-01 00:00:00+00:00,CRIMINAL DAMAGE: TO PROPERTY,,,,police_chicago,,,,,,,,,,,,,013XX S CLAREMONT AVE,CRIMINAL DAMAGE
2024-01-01 00:00:00+00:00,BATTERY: DOMESTIC BATTERY SIMPLE,,,,police_chicago,,,,,,,,,,,,,002XX W 105TH PL,BATTERY
2024-01-01 00:00:00+00:00,CRIMINAL DAMAGE: TO VEHICLE,,,,police_chicago,,,,,,,,,,,,,081XX S ESSEX AVE,CRIMINAL DAMAGE
2024-01-01 00:00:00+00:00,CRIMINAL DAMAGE: TO PROPERTY,,,,police_chicago,,,,,,,,,,,,,059XX W LAKE ST,CRIMINAL DAMAGE
2024-01-01 00:00:00+00:00,CRIMINAL DAMAGE: TO VEHICLE,,,,police_chicago,,,,,,,,,,,,,077XX S LUELLA AVE,CRIMINAL DAMAGE
2024-01-01 00:00:00+00:00,BATTERY: DOMESTIC BATTERY SIMPLE,,,,police_chicago,,,,,,,,,,,,,122XX S SANGAMON ST,BATTERY
2024-01-01 00:00:00+00:00,THEFT: $500 AND UNDER,,,,police_chicago,,,,,,,,,,,,,077XX S EGGLESTON AVE,THEFT
2024-01-01 00:00:00+00:00,THEFT: $500 AND UNDER,,,,police_chicago,,,,,,,,,,,,,036XX S WOLCOTT AVE,THEFT
2024-01-01 00:00:00+00:00,ASSAULT: AGGRAVATED - HANDGUN,,,,police_chicago,,,,,,,,,,,,,064XX N LEAVITT ST,ASSAULT
2024-01-01 00:00:00+00:00,CRIMINAL DAMAGE: TO VEHICLE,,,,police_chicago,,,,,,,,,,,,,031XX W 38TH PL,CRIMINAL DAMAGE
2024-01-01 00:00:00+00:00,CRIMINAL DAMAGE: TO VEHICLE,,,,police_chicago,,,,,,,,,,,,,041XX N KIMBALL AVE,CRIMINAL DAMAGE
2024-01-01 00:00:00+00:00,OTHER OFFENSE: HARASSMENT BY ELECTRONIC MEANS,,,,police_chicago,,,,,,,,,,,,,034XX W BEACH AVE,OTHER OFFENSE
2024-01-01 00:00:00+00:00,THEFT: OVER $500,,,,police_chicago,,,,,,,,,,,,,014XX W 37TH ST,THEFT
2024-01-01 00:00:00+00:00,BURGLARY: FORCIBLE ENTRY,,,,police_chicago,,,,,,,,,,,,,097XX S LOWE AVE,BURGLARY
2024-01-01 00:00:00+00:00,BURGLARY: FORCIBLE ENTRY,,,,police_chicago,,,,,,,,,,,,,003XX S KILPATRICK AVE,BURGLARY
2024-01-01 00:00:00+00:00,CRIMINAL DAMAGE: TO PROPERTY,,,,police_chicago,,,,,,,,,,,,,061XX S DREXEL AVE,CRIMINAL DAMAGE
2024-01-01 00:00:00+00:00,SEX OFFENSE: AGGRAVATED CRIMINAL SEXUAL ABUSE,,,,police_chicago,,,,,,,,,,,,,033XX N HARLEM AVE,SEX OFFENSE
2024-01-01 00:00:00+00:00,DECEPTIVE PRACTICE: FORGERY,,,,police_chicago,,,,,,,,,,,,,037XX N LOCKWOOD AVE,DECEPTIVE PRACTICE
2024-01-01 00:00:00+00:00,BATTERY: AGGRAVATED - HANDGUN,,,,police_chicago,,,,,,,,,,,,,050XX W VAN BUREN ST,BATTERY
2024-01-01 00:00:00+00:00,CRIMINAL DAMAGE: TO PROPERTY,,,,police_chicago,,,,,,,,,,,,,063XX S GREEN ST,CRIMINAL DAMAGE
2024-01-01 00:00:00+00:00,CRIMINAL DAMAGE: TO VEHICLE,,,,police_chicago,,,,,,,,,,,,,021XX S CENTRAL PARK AVE,CRIMINAL DAMAGE
2024-01-01 00:00:00+00:00,CRIMINAL DAMAGE: TO VEHICLE,,,,police_chicago,,,,,,,,,,,,,040XX S DREXEL BLVD,CRIMINAL DAMAGE
2024-01-01 00:00:00+00:00,CRIMINAL DAMAGE: TO VEHICLE,,,,police_chicago,,,,,,,,,,,,,040XX S DREXEL BLVD,CRIMINAL DAMAGE
2024-01-01 00:00:00+00:00,MOTOR VEHICLE THEFT: AUTOMOBILE,,,,police_chicago,,,,,,,,,,,,,007XX N MAY ST,MOTOR VEHICLE THEFT
2024-01-01 00:00:00+00:00,CRIMINAL DAMAGE: TO VEHICLE,,,,police_chicago,,,,,,,,,,,,,040XX S DREXEL BLVD,CRIMINAL DAMAGE
2024-01-01 00:00:00+00:00,DECEPTIVE PRACTICE: FRAUD OR CONFIDENCE GAME,,,,police_chicago,,,,,,,,,,,,,067XX N ASHLAND AVE,DECEPTIVE PRACTICE
2024-01-01 00:00:00+00:00,BATTERY: DOMESTIC BATTERY SIMPLE,,,,police_chicago,,,,,,,,,,,,,034XX W DRUMMOND PL,BATTERY
2024-01-01 00:00:00+00:00,ASSAULT: AGGRAVATED - OTHER DANGEROUS WEAPON,,,,police_chicago,,,,,,,,,,,,,024XX N MILWAUKEE AVE,ASSAULT
2018-05-15 00:00:00+00:00,,,,,police_sf,18036083516710,180360835,16710,DRUG/NARCOTIC,POSSESSION OF NARCOTICS PARAPHERNALIA,Tuesday,01:25,SOUTHERN,"ARREST, BOOKED",0 Block of 6TH ST,-122.41004163181597,37.781953653725715,"{'type': 'Point', 'coordinates': [-122.41004163181597, 37.781953653725715]}",
2018-05-15 00:00:00+00:00,,,,,police_sf,18036087965015,180360879,65015,OTHER OFFENSES,TRAFFIC VIOLATION,Tuesday,02:01,MISSION,"ARREST, BOOKED",CAPP ST / 21ST ST,-122.41781255878655,37.757100579642824,"{'type': 'Point', 'coordinates': [-122.41781255878655, 37.757100579642824]}",
2018-05-15 00:00:00+00:00,,,,,police_sf,18036079462050,180360794,62050,WARRANTS,ENROUTE TO OUTSIDE JURISDICTION,Tuesday,00:19,PARK,"ARREST, BOOKED",1500 Block of HAIGHT ST,-122.44776112231955,37.76984648754153,"{'type': 'Point', 'coordinates': [-122.44776112231955, 37.76984648754153]}",
2018-05-15 00:00:00+00:00,,,,,police_sf,18036228907023,180362289,07023,VEHICLE THEFT,STOLEN MOTORCYCLE,Tuesday,10:30,SOUTHERN,NONE,700 Block of TEHAMA ST,-122.41191202732877,37.77520656149669,"{'type': 'Point', 'coordinates': [-122.41191202732877, 37.77520656149669]}",
2018-05-15 00:00:00+00:00,,,,,police_sf,18036082965016,180360829,65016,OTHER OFFENSES,"DRIVERS LICENSE, SUSPENDED OR REVOKED",Tuesday,01:27,MISSION,NONE,700 Block of SHOTWELL ST,-122.41561725232026,37.75641376904809,"{'type': 'Point', 'coordinates': [-122.41561725232026, 37.756413769048095]}",
2018-05-15 00:00:00+00:00,,,,,police_sf,18036087965010,180360879,65010,OTHER OFFENSES,TRAFFIC VIOLATION ARREST,Tuesday,02:01,MISSION,"ARREST, BOOKED",CAPP ST / 21ST ST,-122.41781255878655,37.757100579642824,"{'type': 'Point', 'coordinates': [-122.41781255878655, 37.757100579642824]}",
2018-05-15 00:00:00+00:00,,,,,police_sf,18036094864020,180360948,64020,NON-CRIMINAL,"AIDED CASE, MENTAL DISTURBED",Tuesday,04:14,SOUTHERN,NONE,MARKET ST / SOUTH VAN NESS AV,-122.41925789481357,37.77514629165388,"{'type': 'Point', 'coordinates': [-122.41925789481357, 37.77514629165388]}",
2018-05-15 00:00:00+00:00,,,,,police_sf,18036083503074,180360835,03074,ROBBERY,"ROBBERY, BODILY FORCE",Tuesday,01:25,SOUTHERN,"ARREST, BOOKED",0 Block of 6TH ST,-122.41004163181597,37.781953653725715,"{'type': 'Point', 'coordinates': [-122.41004163181597, 37.781953653725715]}",
2018-05-15 00:00:00+00:00,,,,,police_sf,18036079417030,180360794,17030,LIQUOR LAWS,MISCELLANEOUS LIQOUR LAW VIOLATION,Tuesday,00:19,PARK,"ARREST, BOOKED",1500 Block of HAIGHT ST,-122.44776112231955,37.76984648754153,"{'type': 'Point', 'coordinates': [-122.44776112231955, 37.76984648754153]}",
2018-05-15 00:00:00+00:00,,,,,police_sf,18036087926150,180360879,26150,OTHER OFFENSES,PAROLE VIOLATION,Tuesday,02:01,MISSION,"ARREST, BOOKED",CAPP ST / 21ST ST,-122.41781255878655,37.757100579642824,"{'type': 'Point', 'coordinates': [-122.41781255878655, 37.757100579642824]}",
2018-05-14 00:00:00+00:00,,,,,police_sf,18035957164020,180359571,64020,NON-CRIMINAL,"AIDED CASE, MENTAL DISTURBED",Monday,16:20,RICHMOND,NONE,2200 Block of DIVISADERO ST,-122.4408283542011,37.79033106356438,"{'type': 'Point', 'coordinates': [-122.4408283542011, 37.79033106356438]}",
2018-05-14 00:00:00+00:00,,,,,police_sf,18035803465060,180358034,65060,DRIVING UNDER THE INFLUENCE,DRIVING WHILE UNDER THE INFLUENCE OF DRUGS,Monday,01:50,TARAVAL,"ARREST, BOOKED",19TH AV / SLOAT BL,-122.47510200629827,37.734623708357,"{'type': 'Point', 'coordinates': [-122.47510200629827, 37.734623708357]}",
2018-05-14 00:00:00+00:00,,,,,police_sf,18035985027130,180359850,27130,OTHER OFFENSES,POSSESSION OF BURGLARY TOOLS,Monday,17:30,MISSION,NONE,FLORIDA ST / 16TH ST,-122.41145623126778,37.76554897620598,"{'type': 'Point', 'coordinates': [-122.41145623126778, 37.76554897620598]}",
2018-05-14 00:00:00+00:00,,,,,police_sf,18035989472000,180359894,72000,NON-CRIMINAL,FOUND PROPERTY,Monday,14:46,PARK,NONE,2400 Block of GEARY BL,-122.44359704751092,37.782643528093914,"{'type': 'Point', 'coordinates': [-122.44359704751092, 37.782643528093914]}",
2018-05-14 00:00:00+00:00,,,,,police_sf,18035969005043,180359690,05043,BURGLARY,"BURGLARY OF RESIDENCE, UNLAWFUL ENTRY",Monday,10:00,TENDERLOIN,NONE,0 Block of TURK ST,-122.40985372994119,37.783386237938174,"{'type': 'Point', 'coordinates': [-122.40985372994119, 37.783386237938174]}",
2018-05-14 00:00:00+00:00,,,,,police_sf,18035872728160,180358727,28160,VANDALISM,"MALICIOUS MISCHIEF, VANDALISM OF VEHICLES",Monday,11:10,TENDERLOIN,"ARREST, BOOKED",MCALLISTER ST / HYDE ST,-122.41531796699203,37.78071792859985,"{'type': 'Point', 'coordinates': [-122.41531796699203, 37.78071792859985]}",
2018-05-14 00:00:00+00:00,,,,,police_sf,18035955928150,180359559,28150,VANDALISM,"MALICIOUS MISCHIEF, VANDALISM",Monday,13:20,RICHMOND,NONE,100 Block of AVENUE OF THE PALMS,-122.37439714215347,37.819923463743024,"{'type': 'Point', 'coordinates': [-122.37439714215347, 37.819923463743024]}",
2018-05-14 00:00:00+00:00,,,,,police_sf,18035824405053,180358244,05053,BURGLARY,"BURGLARY OF STORE, UNLAWFUL ENTRY",Monday,08:00,SOUTHERN,NONE,700 Block of MARKET ST,-122.40535937175287,37.785977476162536,"{'type': 'Point', 'coordinates': [-122.40535937175287, 37.785977476162536]}",
2018-05-14 00:00:00+00:00,,,,,police_sf,18036025565015,180360255,65015,OTHER OFFENSES,TRAFFIC VIOLATION,Monday,19:47,MISSION,"ARREST, BOOKED",16TH ST / VALENCIA ST,-122.42188635798068,37.76491789094235,"{'type': 'Point', 'coordinates': [-122.42188635798068, 37.76491789094236]}",
2018-05-14 00:00:00+00:00,,,,,police_sf,18036025565010,180360255,65010,OTHER OFFENSES,TRAFFIC VIOLATION ARREST,Monday,19:47,MISSION,"ARREST, BOOKED",16TH ST / VALENCIA ST,-122.42188635798068,37.76491789094235,"{'type': 'Point', 'coordinates': [-122.42188635798068, 37.76491789094236]}",
2018-05-14 00:00:00+00:00,,,,,police_sf,18036017068020,180360170,68020,OTHER OFFENSES,MISCELLANEOUS INVESTIGATION,Monday,18:57,SOUTHERN,NONE,HARRIET ST / HARRISON ST,-122.40461433268504,37.77684514192746,"{'type': 'Point', 'coordinates': [-122.40461433268504, 37.77684514192746]}",
2018-05-14 00:00:00+00:00,,,,,police_sf,18035843215200,180358432,15200,SECONDARY CODES,DOMESTIC VIOLENCE,Monday,09:30,TARAVAL,"ARREST, BOOKED",1500 Block of 27TH AV,-122.48543981309969,37.75850069113568,"{'type': 'Point', 'coordinates': [-122.48543981309969, 37.75850069113568]}",
2018-05-14 00:00:00+00:00,,,,,police_sf,18035843219057,180358432,19057,ASSAULT,THREATS AGAINST LIFE,Monday,09:30,TARAVAL,"ARREST, BOOKED",1500 Block of 27TH AV,-122.48543981309969,37.75850069113568,"{'type': 'Point', 'coordinates': [-122.48543981309969, 37.75850069113568]}",
2018-05-14 00:00:00+00:00,,,,,police_sf,18036029951040,180360299,51040,NON-CRIMINAL,AIDED CASE,Monday,14:05,CENTRAL,NONE,0 Block of CALIFORNIA ST,-122.39700008427126,37.79353047155304,"{'type': 'Point', 'coordinates': [-122.39700008427126, 37.79353047155304]}",
2018-05-14 00:00:00+00:00,,,,,police_sf,18035985027170,180359850,27170,OTHER OFFENSES,RESISTING ARREST,Monday,17:30,MISSION,NONE,FLORIDA ST / 16TH ST,-122.41145623126778,37.76554897620598,"{'type': 'Point', 'coordinates': [-122.41145623126778, 37.76554897620598]}",
2018-05-14 00:00:00+00:00,,,,,police_sf,18035827264085,180358272,64085,SUSPICIOUS OCC,INVESTIGATIVE DETENTION,Monday,08:54,NORTHERN,NONE,WEBSTER ST / OFARRELL ST,-122.43099240904681,37.78350582637344,"{'type': 'Point', 'coordinates': [-122.43099240904681, 37.78350582637344]}",
2018-05-14 00:00:00+00:00,,,,,police_sf,18036068106301,180360681,06301,LARCENY/THEFT,PETTY THEFT FROM A BUILDING,Monday,17:57,SOUTHERN,NONE,100 Block of RUSS ST,-122.40743417623575,37.77827177642468,"{'type': 'Point', 'coordinates': [-122.40743417623575, 37.77827177642468]}",
2018-05-14 00:00:00+00:00,,,,,police_sf,18035798965010,180357989,65010,OTHER OFFENSES,TRAFFIC VIOLATION ARREST,Monday,01:03,SOUTHERN,"ARREST, BOOKED",MARKET ST / 6TH ST,-122.41029351968982,37.78223058700358,"{'type': 'Point', 'coordinates': [-122.41029351968982, 37.78223058700358]}",
2018-05-14 00:00:00+00:00,,,,,police_sf,18036035203074,180360352,03074,ROBBERY,"ROBBERY, BODILY FORCE",Monday,20:01,SOUTHERN,NONE,NATOMA ST / 9TH ST,-122.4137213655681,37.775436824246235,"{'type': 'Point', 'coordinates': [-122.4137213655681, 37.775436824246235]}",
2018-05-14 00:00:00+00:00,,,,,police_sf,18035919516650,180359195,16650,DRUG/NARCOTIC,POSSESSION OF METH-AMPHETAMINE,Monday,14:38,BAYVIEW,"ARREST, BOOKED",JERROLD AV / DONAHUE ST,-122.37071254029084,37.72819104833552,"{'type': 'Point', 'coordinates': [-122.37071254029084, 37.72819104833552]}",
2018-05-14 00:00:00+00:00,,,,,police_sf,18035898730190,180358987,30190,OTHER OFFENSES,VIOLATION OF MUNICIPAL POLICE CODE,Monday,12:22,CENTRAL,"ARREST, BOOKED",200 Block of JEFFERSON ST,-122.41665048206421,37.80816605335633,"{'type': 'Point', 'coordinates': [-122.41665048206421, 37.80816605335633]}",
2018-05-14 00:00:00+00:00,,,,,police_sf,18035997963010,180359979,63010,WARRANTS,WARRANT ARREST,Monday,17:50,BAYVIEW,"ARREST, BOOKED",1200 Block of 3RD ST,-122.38951764803554,37.77246824000607,"{'type': 'Point', 'coordinates': [-122.38951764803554, 37.77246824000607]}",
2018-05-14 00:00:00+00:00,,,,,police_sf,18035919562010,180359195,62010,WARRANTS,ENROUTE TO U.S. MARSHALL,Monday,14:38,BAYVIEW,"ARREST, BOOKED",JERROLD AV / DONAHUE ST,-122.37071254029084,37.72819104833552,"{'type': 'Point', 'coordinates': [-122.37071254029084, 37.72819104833552]}",
2018-05-14 00:00:00+00:00,,,,,police_sf,18035843215150,180358432,15150,OTHER OFFENSES,VIOLATION OF RESTRAINING ORDER,Monday,09:30,TARAVAL,"ARREST, BOOKED",1500 Block of 27TH AV,-122.48543981309969,37.75850069113568,"{'type': 'Point', 'coordinates': [-122.48543981309969, 37.75850069113568]}",
2018-05-14 00:00:00+00:00,,,,,police_sf,18035802805071,180358028,05071,BURGLARY,"BURGLARY, FORCIBLE ENTRY",Monday,01:19,NORTHERN,NONE,100 Block of FELL ST,-122.42033209959268,37.77620757682619,"{'type': 'Point', 'coordinates': [-122.42033209959268, 37.77620757682619]}",
2018-05-14 00:00:00+00:00,,,,,police_sf,18035985005014,180359850,05014,BURGLARY,"BURGLARY, VEHICLE (ARREST MADE)",Monday,17:30,MISSION,NONE,FLORIDA ST / 16TH ST,-122.41145623126778,37.76554897620598,"{'type': 'Point', 'coordinates': [-122.41145623126778, 37.76554897620598]}",
2018-05-14 00:00:00+00:00,,,,,police_sf,18035815368020,180358153,68020,OTHER OFFENSES,MISCELLANEOUS INVESTIGATION,Monday,06:59,TENDERLOIN,NONE,LARKIN ST / ELLIS ST,-122.4177103447255,37.78423628778867,"{'type': 'Point', 'coordinates': [-122.4177103447255, 37.78423628778867]}",
2018-05-14 00:00:00+00:00,,,,,police_sf,18036015807020,180360158,07020,VEHICLE THEFT,STOLEN AND RECOVERED VEHICLE,Monday,19:05,MISSION,NONE,16TH ST / VALENCIA ST,-122.42188635798068,37.76491789094235,"{'type': 'Point', 'coordinates': [-122.42188635798068, 37.76491789094236]}",
2018-05-14 00:00:00+00:00,,,,,police_sf,18035943016710,180359430,16710,DRUG/NARCOTIC,POSSESSION OF NARCOTICS PARAPHERNALIA,Monday,15:35,MISSION,"ARREST, BOOKED",1900 Block of MISSION ST,-122.4198145938115,37.765842721337165,"{'type': 'Point', 'coordinates': [-122.4198145938115, 37.765842721337165]}",
2018-05-14 00:00:00+00:00,,,,,police_sf,18035826628150,180358266,28150,VANDALISM,"MALICIOUS MISCHIEF, VANDALISM",Monday,08:08,TENDERLOIN,NONE,0 Block of MCALLISTER ST,-122.41259697063744,37.78111921215415,"{'type': 'Point', 'coordinates': [-122.41259697063744, 37.78111921215415]}",
2018-05-14 00:00:00+00:00,,,,,police_sf,18036070006244,180360700,06244,LARCENY/THEFT,GRAND THEFT FROM LOCKED AUTO,Monday,21:30,SOUTHERN,NONE,11TH ST / FOLSOM ST,-122.4140272626904,37.77186361771543,"{'type': 'Point', 'coordinates': [-122.4140272626904, 37.77186361771543]}",
2018-05-14 00:00:00+00:00,,,,,police_sf,18035898762030,180358987,62030,WARRANTS,ENROUTE TO PAROLE OFFICER,Monday,12:22,CENTRAL,"ARREST, BOOKED",200 Block of JEFFERSON ST,-122.41665048206421,37.80816605335633,"{'type': 'Point', 'coordinates': [-122.41665048206421, 37.80816605335633]}",
2018-05-14 00:00:00+00:00,,,,,police_sf,18035866419090,180358664,19090,DRUNKENNESS,UNDER INFLUENCE OF ALCOHOL IN A PUBLIC PLACE,Monday,10:44,MISSION,"ARREST, BOOKED",500 Block of VALENCIA ST,-122.42187648849193,37.76408889445322,"{'type': 'Point', 'coordinates': [-122.42187648849193, 37.76408889445322]}",
2018-05-14 00:00:00+00:00,,,,,police_sf,18035796704134,180357967,04134,ASSAULT,BATTERY,Monday,00:04,MISSION,"ARREST, BOOKED",MISSION ST / 22ND ST,-122.41874873352268,37.755437187509735,"{'type': 'Point', 'coordinates': [-122.41874873352268, 37.755437187509735]}",
2018-05-14 00:00:00+00:00,,,,,police_sf,18036015811012,180360158,11012,STOLEN PROPERTY,"STOLEN PROPERTY, POSSESSION WITH KNOWLEDGE, RECEIVING",Monday,19:05,MISSION,NONE,16TH ST / VALENCIA ST,-122.42188635798068,37.76491789094235,"{'type': 'Point', 'coordinates': [-122.42188635798068, 37.76491789094236]}",
2018-05-14 00:00:00+00:00,,,,,police_sf,18035885265016,180358852,65016,OTHER OFFENSES,"DRIVERS LICENSE, SUSPENDED OR REVOKED",Monday,12:30,BAYVIEW,"ARREST, BOOKED",200 Block of WILLIAMS AV,-122.39774442710336,37.729934693604356,"{'type': 'Point', 'coordinates': [-122.39774442710336, 37.729934693604356]}",
2018-05-14 00:00:00+00:00,,,,,police_sf,18035932728150,180359327,28150,VANDALISM,"MALICIOUS MISCHIEF, VANDALISM",Monday,14:45,NORTHERN,NONE,700 Block of LARKIN ST,-122.41778534058587,37.78494749569731,"{'type': 'Point', 'coordinates': [-122.41778534058587, 37.78494749569731]}",
2018-05-14 00:00:00+00:00,,,,,police_sf,18035798965020,180357989,65020,OTHER OFFENSES,RECKLESS DRIVING,Monday,01:03,SOUTHERN,"ARREST, BOOKED",MARKET ST / 6TH ST,-122.41029351968982,37.78223058700358,"{'type': 'Point', 'coordinates': [-122.41029351968982, 37.78223058700358]}",
2018-05-14 00:00:00+00:00,,,,,police_sf,18035817564000,180358175,64000,NON-CRIMINAL,"CIVIL SIDEWALKS, VIOLATION",Monday,07:47,MISSION,"ARREST, BOOKED",16TH ST / POND ST,-122.43228179167782,37.764289195574904,"{'type': 'Point', 'coordinates': [-122.43228179167782, 37.764289195574904]}",
2018-05-14 00:00:00+00:00,,,,,police_sf,18035801226170,180358012,26170,OTHER OFFENSES,PROBATION VIOLATION,Monday,01:27,SOUTHERN,"ARREST, BOOKED",500 Block of STEVENSON ST,-122.41079391548197,37.780832063095986,"{'type': 'Point', 'coordinates': [-122.41079391548197, 37.780832063095986]}",
2018-05-14 00:00:00+00:00,,,,,police_sf,18035911764020,180359117,64020,NON-CRIMINAL,"AIDED CASE, MENTAL DISTURBED",Monday,13:31,PARK,NONE,1300 Block of PIERCE ST,-122.43597642071613,37.78239781239685,"{'type': 'Point', 'coordinates': [-122.43597642071613, 37.78239781239685]}",
2018-05-14 00:00:00+00:00,,,,,police_sf,18036016404134,180360164,04134,ASSAULT,BATTERY,Monday,19:11,PARK,NONE,0 Block of CASTRO ST,-122.435637436721,37.768169434617505,"{'type': 'Point', 'coordinates': [-122.435637436721, 37.768169434617505]}",
2018-05-14 00:00:00+00:00,,,,,police_sf,18035932719057,180359327,19057,ASSAULT,THREATS AGAINST LIFE,Monday,14:45,NORTHERN,NONE,700 Block of LARKIN ST,-122.41778534058587,37.78494749569731,"{'type': 'Point', 'coordinates': [-122.41778534058587, 37.78494749569731]}",
2018-05-14 00:00:00+00:00,,,,,police_sf,18035976951040,180359769,51040,NON-CRIMINAL,AIDED CASE,Monday,16:40,SOUTHERN,NONE,500 Block of 6TH ST,-122.40178708470904,37.77537350502582,"{'type': 'Point', 'coordinates': [-122.40178708470904, 37.77537350502582]}",
2018-05-14 00:00:00+00:00,,,,,police_sf,18035803465050,180358034,65050,DRIVING UNDER THE INFLUENCE,DRIVING WHILE UNDER THE INFLUENCE OF ALCOHOL,Monday,01:50,TARAVAL,"ARREST, BOOKED",19TH AV / SLOAT BL,-122.47510200629827,37.734623708357,"{'type': 'Point', 'coordinates': [-122.47510200629827, 37.734623708357]}",
2018-05-14 00:00:00+00:00,,,,,police_sf,18035926404013,180359264,04013,ASSAULT,AGGRAVATED ASSAULT WITH A DEADLY WEAPON,Monday,14:57,SOUTHERN,"ARREST, BOOKED",800 Block of BRYANT ST,-122.40340479147905,37.775420706711,"{'type': 'Point', 'coordinates': [-122.40340479147905, 37.775420706711]}",
2018-05-14 00:00:00+00:00,,,,,police_sf,18035803465015,180358034,65015,OTHER OFFENSES,TRAFFIC VIOLATION,Monday,01:50,TARAVAL,"ARREST, BOOKED",19TH AV / SLOAT BL,-122.47510200629827,37.734623708357,"{'type': 'Point', 'coordinates': [-122.47510200629827, 37.734623708357]}",
2018-05-14 00:00:00+00:00,,,,,police_sf,18036057804134,180360578,04134,ASSAULT,BATTERY,Monday,21:30,SOUTHERN,NONE,HOWARD ST / THE EMBARCADEROSOUTH ST,-122.39100427327769,37.79251826551054,"{'type': 'Point', 'coordinates': [-122.39100427327769, 37.79251826551054]}",
2018-05-14 00:00:00+00:00,,,,,police_sf,18035866462050,180358664,62050,WARRANTS,ENROUTE TO OUTSIDE JURISDICTION,Monday,10:44,MISSION,"ARREST, BOOKED",500 Block of VALENCIA ST,-122.42187648849193,37.76408889445322,"{'type': 'Point', 'coordinates': [-122.42187648849193, 37.76408889445322]}",
2018-05-14 00:00:00+00:00,,,,,police_sf,18035886863010,180358868,63010,WARRANTS,WARRANT ARREST,Monday,12:25,MISSION,"ARREST, BOOKED",4000 Block of 18TH ST,-122.43445735395501,37.760976609084544,"{'type': 'Point', 'coordinates': [-122.43445735395501, 37.760976609084544]}",
2018-05-14 00:00:00+00:00,,,,,police_sf,18035988826142,180359888,26142,KIDNAPPING,FALSE IMPRISONMENT,Monday,17:36,SOUTHERN,"ARREST, BOOKED",0 Block of DORE ST,-122.41293306238357,37.773927452481935,"{'type': 'Point', 'coordinates': [-122.41293306238357, 37.773927452481935]}",
2018-05-14 00:00:00+00:00,,,,,police_sf,18035817563010,180358175,63010,WARRANTS,WARRANT ARREST,Monday,07:47,MISSION,"ARREST, BOOKED",16TH ST / POND ST,-122.43228179167782,37.764289195574904,"{'type': 'Point', 'coordinates': [-122.43228179167782, 37.764289195574904]}",
2018-05-14 00:00:00+00:00,,,,,police_sf,18035897116710,180358971,16710,DRUG/NARCOTIC,POSSESSION OF NARCOTICS PARAPHERNALIA,Monday,13:02,MISSION,"ARREST, BOOKED",1800 Block of MISSION ST,-122.41983289014406,37.76746252618251,"{'type': 'Point', 'coordinates': [-122.41983289014406, 37.76746252618251]}",
2018-05-14 00:00:00+00:00,,,,,police_sf,18035855106152,180358551,06152,LARCENY/THEFT,GRAND THEFT FROM PERSON,Monday,10:23,TENDERLOIN,NONE,100 Block of HYDE ST,-122.41553300799912,37.782137299784225,"{'type': 'Point', 'coordinates': [-122.41553300799912, 37.782137299784225]}",
2018-05-14 00:00:00+00:00,,,,,police_sf,18035960603024,180359606,03024,ROBBERY,"ROBBERY OF A COMMERCIAL ESTABLISHMENT, STRONGARM",Monday,16:10,SOUTHERN,"ARREST, BOOKED",900 Block of MARKET ST,-122.40842111692214,37.7835699386918,"{'type': 'Point', 'coordinates': [-122.40842111692214, 37.7835699386918]}",
2018-05-14 00:00:00+00:00,,,,,police_sf,18035933315161,180359333,15161,OTHER OFFENSES,VIOLATION OF RESTRAINING ORDER,Monday,15:14,MISSION,NONE,BRYANT ST / 16TH ST,-122.4104888293078,37.765605863870505,"{'type': 'Point', 'coordinates': [-122.4104888293078, 37.765605863870505]}",
2018-05-14 00:00:00+00:00,,,,,police_sf,18035933315200,180359333,15200,SECONDARY CODES,DOMESTIC VIOLENCE,Monday,15:14,MISSION,NONE,BRYANT ST / 16TH ST,-122.4104888293078,37.765605863870505,"{'type': 'Point', 'coordinates': [-122.4104888293078, 37.765605863870505]}",
2018-05-14 00:00:00+00:00,,,,,police_sf,18036004519057,180360045,19057,ASSAULT,THREATS AGAINST LIFE,Monday,17:57,MISSION,NONE,0 Block of CUNNINGHAM PL,-122.42174038877843,37.759405250629015,"{'type': 'Point', 'coordinates': [-122.42174038877843, 37.759405250629015]}",
2018-05-14 00:00:00+00:00,,,,,police_sf,18036078813075,180360788,13075,PROSTITUTION,LOITERING FOR PURPOSE OF PROSTITUTION,Monday,23:43,MISSION,NONE,20TH ST / CAPP ST,-122.41796448376013,37.75869681664891,"{'type': 'Point', 'coordinates': [-122.41796448376013, 37.75869681664891]}",
2018-05-14 00:00:00+00:00,,,,,police_sf,18036015816110,180360158,16110,DRUG/NARCOTIC,POSSESSION OF HEROIN FOR SALES,Monday,19:05,MISSION,NONE,16TH ST / VALENCIA ST,-122.42188635798068,37.76491789094235,"{'type': 'Point', 'coordinates': [-122.42188635798068, 37.76491789094236]}",
2018-05-14 00:00:00+00:00,,,,,police_sf,18035812504134,180358125,04134,ASSAULT,BATTERY,Monday,06:25,SOUTHERN,"ARREST, BOOKED",100 Block of OTIS ST,-122.42030348249165,37.77089688585604,"{'type': 'Point', 'coordinates': [-122.42030348249165, 37.77089688585604]}",
2018-05-14 00:00:00+00:00,,,,,police_sf,18035892106244,180358921,06244,LARCENY/THEFT,GRAND THEFT FROM LOCKED AUTO,Monday,12:10,NORTHERN,NONE,2300 Block of BAY ST,-122.44573808046123,37.8015741248208,"{'type': 'Point', 'coordinates': [-122.44573808046123, 37.8015741248208]}",
2018-05-14 00:00:00+00:00,,,,,police_sf,18035960662050,180359606,62050,WARRANTS,ENROUTE TO OUTSIDE JURISDICTION,Monday,16:10,SOUTHERN,"ARREST, BOOKED",900 Block of MARKET ST,-122.40842111692214,37.7835699386918,"{'type': 'Point', 'coordinates': [-122.40842111692214, 37.7835699386918]}",
2018-05-14 00:00:00+00:00,,,,,police_sf,18035824406363,180358244,06363,LARCENY/THEFT,PETTY THEFT SHOPLIFTING,Monday,08:00,SOUTHERN,NONE,700 Block of MARKET ST,-122.40535937175287,37.785977476162536,"{'type': 'Point', 'coordinates': [-122.40535937175287, 37.785977476162536]}",
2018-05-14 00:00:00+00:00,,,,,police_sf,18035897130130,180358971,30130,OTHER OFFENSES,PEDDLING WITHOUT A LICENSE,Monday,13:02,MISSION,"ARREST, BOOKED",1800 Block of MISSION ST,-122.41983289014406,37.76746252618251,"{'type': 'Point', 'coordinates': [-122.41983289014406, 37.76746252618251]}",
2018-05-14 00:00:00+00:00,,,,,police_sf,18035801212080,180358012,12080,WEAPON LAWS,POSS OF FIREARM BY CONVICTED FELON/ADDICT/ALIEN,Monday,01:27,SOUTHERN,"ARREST, BOOKED",500 Block of STEVENSON ST,-122.41079391548197,37.780832063095986,"{'type': 'Point', 'coordinates': [-122.41079391548197, 37.780832063095986]}",
2018-05-14 00:00:00+00:00,,,,,police_sf,18035805662050,180358056,62050,WARRANTS,ENROUTE TO OUTSIDE JURISDICTION,Monday,02:41,MISSION,"ARREST, BOOKED",21ST ST / TREAT AV,-122.41344955677596,37.75736377959691,"{'type': 'Point', 'coordinates': [-122.41344955677596, 37.75736377959691]}",
2018-05-14 00:00:00+00:00,,,,,police_sf,18035820064020,180358200,64020,NON-CRIMINAL,"AIDED CASE, MENTAL DISTURBED",Monday,08:25,TENDERLOIN,NONE,300 Block of EDDY ST,-122.4129305220591,37.783834437414136,"{'type': 'Point', 'coordinates': [-122.4129305220591, 37.78383443741414]}",
2018-05-14 00:00:00+00:00,,,,,police_sf,18035988804138,180359888,04138,ASSAULT,"BATTERY, FORMER SPOUSE OR DATING RELATIONSHIP",Monday,17:36,SOUTHERN,"ARREST, BOOKED",0 Block of DORE ST,-122.41293306238357,37.773927452481935,"{'type': 'Point', 'coordinates': [-122.41293306238357, 37.773927452481935]}",
2018-05-14 00:00:00+00:00,,,,,police_sf,18036066906243,180360669,06243,LARCENY/THEFT,PETTY THEFT FROM LOCKED AUTO,Monday,17:00,SOUTHERN,NONE,3RD ST / HARRISON ST,-122.39738878482612,37.78255434524264,"{'type': 'Point', 'coordinates': [-122.39738878482612, 37.78255434524264]}",
2018-05-14 00:00:00+00:00,,,,,police_sf,18036078827170,180360788,27170,OTHER OFFENSES,RESISTING ARREST,Monday,23:43,MISSION,NONE,20TH ST / CAPP ST,-122.41796448376013,37.75869681664891,"{'type': 'Point', 'coordinates': [-122.41796448376013, 37.75869681664891]}",
2018-05-14 00:00:00+00:00,,,,,police_sf,18035905406364,180359054,06364,LARCENY/THEFT,GRAND THEFT SHOPLIFTING,Monday,12:46,SOUTHERN,NONE,800 Block of MARKET ST,-122.40669059226074,37.78520719184194,"{'type': 'Point', 'coordinates': [-122.40669059226074, 37.78520719184194]}",
2018-05-14 00:00:00+00:00,,,,,police_sf,18035826651040,180358266,51040,NON-CRIMINAL,AIDED CASE,Monday,08:08,TENDERLOIN,NONE,0 Block of MCALLISTER ST,-122.41259697063744,37.78111921215415,"{'type': 'Point', 'coordinates': [-122.41259697063744, 37.78111921215415]}",
2018-05-14 00:00:00+00:00,,,,,police_sf,18035801216100,180358012,16100,DRUG/NARCOTIC,POSSESSION OF HEROIN,Monday,01:27,SOUTHERN,"ARREST, BOOKED",500 Block of STEVENSON ST,-122.41079391548197,37.780832063095986,"{'type': 'Point', 'coordinates': [-122.41079391548197, 37.780832063095986]}",
2018-05-14 00:00:00+00:00,,,,,police_sf,18036036862050,180360368,62050,WARRANTS,ENROUTE TO OUTSIDE JURISDICTION,Monday,20:02,TENDERLOIN,"ARREST, BOOKED",0 Block of TURK ST,-122.40985372994119,37.783386237938174,"{'type': 'Point', 'coordinates': [-122.40985372994119, 37.783386237938174]}",
2018-05-14 00:00:00+00:00,,,,,police_sf,18036054006244,180360540,06244,LARCENY/THEFT,GRAND THEFT FROM LOCKED AUTO,Monday,19:15,RICHMOND,NONE,8TH AV / CLEMENT ST,-122.46656548859937,37.782849155153016,"{'type': 'Point', 'coordinates': [-122.46656548859937, 37.78284915515302]}",
2018-05-14 00:00:00+00:00,,,,,police_sf,18036046528150,180360465,28150,VANDALISM,"MALICIOUS MISCHIEF, VANDALISM",Monday,20:42,SOUTHERN,NONE,1100 Block of MISSION ST,-122.41283433212864,37.77779030942458,"{'type': 'Point', 'coordinates': [-122.41283433212864, 37.77779030942458]}",
2018-05-14 00:00:00+00:00,,,,,police_sf,18036060303074,180360603,03074,ROBBERY,"ROBBERY, BODILY FORCE",Monday,21:45,TENDERLOIN,"ARREST, BOOKED",700 Block of OFARRELL ST,-122.41708535742424,37.78521535904708,"{'type': 'Point', 'coordinates': [-122.41708535742424, 37.78521535904708]}",
2018-05-13 00:00:00+00:00,,,,,police_sf,18035643665015,180356436,65015,OTHER OFFENSES,TRAFFIC VIOLATION,Sunday,11:57,MISSION,"ARREST, BOOKED",MISSION ST / 20TH ST,-122.41905269434928,37.75863240515618,"{'type': 'Point', 'coordinates': [-122.41905269434928, 37.75863240515618]}",
2018-05-13 00:00:00+00:00,,,,,police_sf,18035647015161,180356470,15161,OTHER OFFENSES,VIOLATION OF RESTRAINING ORDER,Sunday,12:00,INGLESIDE,"ARREST, BOOKED",2100 Block of GENEVA AV,-122.4204519988438,37.70853277392244,"{'type': 'Point', 'coordinates': [-122.4204519988438, 37.70853277392244]}",
2018-05-13 00:00:00+00:00,,,,,police_sf,18035641462050,180356414,62050,WARRANTS,ENROUTE TO OUTSIDE JURISDICTION,Sunday,11:39,MISSION,"ARREST, BOOKED",15TH ST / MISSION ST,-122.4198279299609,37.76667375518354,"{'type': 'Point', 'coordinates': [-122.4198279299609, 37.76667375518354]}",
2018-05-13 00:00:00+00:00,,,,,police_sf,18035650528150,180356505,28150,VANDALISM,"MALICIOUS MISCHIEF, VANDALISM",Sunday,12:15,SOUTHERN,NONE,400 Block of NATOMA ST,-122.40703905508214,37.7807565183591,"{'type': 'Point', 'coordinates': [-122.40703905508214, 37.780756518359105]}",
2018-05-13 00:00:00+00:00,,,,,police_sf,18035644272000,180356442,72000,NON-CRIMINAL,FOUND PROPERTY,Sunday,12:17,TENDERLOIN,NONE,300 Block of EDDY ST,-122.4129305220591,37.783834437414136,"{'type': 'Point', 'coordinates': [-122.4129305220591, 37.78383443741414]}",
2018-05-13 00:00:00+00:00,,,,,police_sf,18035642064010,180356420,64010,NON-CRIMINAL,"AIDED CASE, DOG BITE",Sunday,11:45,MISSION,NONE,500 Block of DOLORES ST,-122.4260365665262,37.759419804663,"{'type': 'Point', 'coordinates': [-122.4260365665262, 37.759419804663]}",
2018-05-13 00:00:00+00:00,,,,,police_sf,18035641416650,180356414,16650,DRUG/NARCOTIC,POSSESSION OF METH-AMPHETAMINE,Sunday,11:39,MISSION,"ARREST, BOOKED",15TH ST / MISSION ST,-122.4198279299609,37.76667375518354,"{'type': 'Point', 'coordinates': [-122.4198279299609, 37.76667375518354]}",
2018-05-13 00:00:00+00:00,,,,,police_sf,18035735971024,180357359,71024,NON-CRIMINAL,"STAY AWAY OR COURT ORDER, NON-DV RELATED",Sunday,17:00,CENTRAL,"ARREST, BOOKED",700 Block of LEAVENWORTH ST,-122.41516049416906,37.78792110033587,"{'type': 'Point', 'coordinates': [-122.41516049416906, 37.78792110033587]}",
2018-05-13 00:00:00+00:00,,,,,police_sf,18035561006153,180355610,06153,LARCENY/THEFT,GRAND THEFT FROM PERSON,Sunday,00:01,CENTRAL,NONE,1300 Block of GRANT AV,-122.40737096526715,37.79924012538323,"{'type': 'Point', 'coordinates': [-122.40737096526715, 37.79924012538323]}",
2018-05-13 00:00:00+00:00,,,,,police_sf,18035648665015,180356486,65015,OTHER OFFENSES,TRAFFIC VIOLATION,Sunday,12:29,INGLESIDE,"ARREST, BOOKED",MISSION ST / VIRGINIA AV,-122.4214886520025,37.743122014559965,"{'type': 'Point', 'coordinates': [-122.4214886520025, 37.743122014559965]}",
2018-05-13 00:00:00+00:00,,,,,police_sf,18035648665010,180356486,65010,OTHER OFFENSES,TRAFFIC VIOLATION ARREST,Sunday,12:29,INGLESIDE,"ARREST, BOOKED",MISSION ST / VIRGINIA AV,-122.4214886520025,37.743122014559965,"{'type': 'Point', 'coordinates': [-122.4214886520025, 37.743122014559965]}",
2018-05-13 00:00:00+00:00,,,,,police_sf,18035578904134,180355789,04134,ASSAULT,BATTERY,Sunday,02:49,SOUTHERN,NONE,400 Block of MINNA ST,-122.40738717209818,37.78106889187813,"{'type': 'Point', 'coordinates': [-122.40738717209818, 37.781068891878135]}",
